site,date,eto,vpd_medio,t_media,rh_media
la_esperanza,2022-06-30,0.7,2.6,13.025,NA
la_esperanza,2022-07-01,0.9,1.325,10.49,NA
rio_claro,2022-07-01,0.7,0.725,6.352,NA
la_esperanza,2022-07-02,0.5,0,6.858,NA
la_esperanza,2022-07-03,0.5,1.175,8.07,NA
rio_claro,2022-07-03,0.6,5.225,8.683,NA
la_esperanza,2022-07-04,0.6,4.95,12.685,NA
la_esperanza,2022-07-05,0.6,4.05,11.81,NA
la_esperanza,2022-07-06,0.6,0.425,9.372,NA
rio_claro,2022-07-06,0.5,0,6.175,NA
la_esperanza,2022-07-07,0.7,4.45,12.35,NA
la_esperanza,2022-07-08,0.7,3.4,12.067,NA
la_esperanza,2022-07-09,1.3,3.125,11.41,NA
rio_claro,2022-07-09,0,1.3,7.85,NA
la_esperanza,2022-07-10,0.7,2.975,9.78,NA
la_esperanza,2022-07-11,0.7,3.1,12.285,NA
la_esperanza,2022-07-12,0.8,4.325,12.895,NA
rio_claro,2022-07-12,0.7,4.35,10.115,NA
la_esperanza,2022-07-13,0.9,0.675,8.005,NA
rio_claro,2022-07-13,0.6,2.35,8.03,NA
la_esperanza,2022-07-14,0.8,2.625,9.065,NA
la_esperanza,2022-07-15,0.6,1.225,8.312,NA
rio_claro,2022-07-15,0.5,0.3,4.602,NA
la_esperanza,2022-07-16,0.8,4.725,11.617,NA
la_esperanza,2022-07-17,0.6,2,9.235,NA
rio_claro,2022-07-17,0.6,3.45,8.502,NA
la_esperanza,2022-07-18,1,6.225,14.41,NA
la_esperanza,2022-07-19,1,2.75,10.765,NA
rio_claro,2022-07-19,0.8,3.05,10.91,NA
la_esperanza,2022-07-20,0.9,6.575,14.37,NA
la_esperanza,2022-07-21,1.1,6.775,14.8,NA
rio_claro,2022-07-21,0.9,5.275,12.295,NA
la_esperanza,2022-07-22,1.1,9.925,17.947,NA
la_esperanza,2022-07-23,0.9,1.25,11.747,NA
la_esperanza,2022-07-24,0.5,0.575,10.77,NA
rio_claro,2022-07-24,0.8,1.05,10.123,NA
la_esperanza,2022-07-25,1,5.925,14.978,NA
rio_claro,2022-07-25,0.6,0.975,9.377,NA
la_esperanza,2022-07-26,1.1,5.8,15.988,NA
rio_claro,2022-07-26,0.9,6.975,14.375,NA
la_esperanza,2022-07-27,1.1,6.025,15.055,NA
rio_claro,2022-07-27,0.6,0,9.505,NA
la_esperanza,2022-07-28,1.4,9.05,16.1,NA
la_esperanza,2022-07-29,1.1,6.05,14.235,NA
rio_claro,2022-07-29,1,6.225,13.692,NA
la_esperanza,2022-07-30,0.7,2.65,12.16,NA
la_esperanza,2022-07-31,0.9,3.7,13.64,NA
la_esperanza,2022-08-01,0.6,1.275,10.657,89.348
rio_claro,2022-08-01,0.7,0.325,7.962,96.042
la_esperanza,2022-08-02,1.1,6.85,14.475,58.05
la_esperanza,2022-08-03,1.1,5.475,12.547,62.005
la_esperanza,2022-08-04,1.2,7.825,14.598,52.522
la_esperanza,2022-08-05,1.3,9.6,16.132,47.212
rio_claro,2022-08-05,1.2,7.4,13.108,50.623
la_esperanza,2022-08-06,0.8,1.2,11.875,91.185
la_esperanza,2022-08-07,1,4.7,13.188,68.652
la_esperanza,2022-08-08,1.4,6,13.61,61.19
la_esperanza,2022-08-09,1.4,8.8,16.39,52.678
la_esperanza,2022-08-10,1.4,7.8,16.185,57.397
la_esperanza,2022-08-11,1.4,3.65,12.923,75.282
rio_claro,2022-08-11,1.3,5.387,8.624,58.734
la_esperanza,2022-08-12,1.1,6.875,14.425,57.645
rio_claro,2022-08-12,1.1,5.888,11.951,57.368
la_esperanza,2022-08-13,1.3,8.075,16.082,55.592
la_esperanza,2022-08-14,0.8,2.925,12.81,80.55
rio_claro,2022-08-14,0,1.275,8.93,88.224
la_esperanza,2022-08-15,1.3,5.725,12.805,60.85
la_esperanza,2022-08-16,0.7,1.3,9.52,88.318
rio_claro,2022-08-16,0.6,0.737,7.815,92.322
la_esperanza,2022-08-17,1.4,4.95,12.392,65.12
la_esperanza,2022-08-18,1.9,11.25,15.227,34.522
la_esperanza,2022-08-19,1.7,9.9,17.715,51.02
la_esperanza,2022-08-20,1.8,10.375,19.37,53.753
la_esperanza,2022-08-21,1.8,7.1,17.692,64.635
la_esperanza,2022-08-22,0.7,1.05,11.385,91.402
la_esperanza,2022-08-23,1.3,4.3,13.82,72.265
la_esperanza,2022-08-24,1.4,5.6,15.76,68.66
la_esperanza,2022-08-25,2,9.125,18.05,55.627
la_esperanza,2022-08-26,1.2,4.625,14.082,70.982
la_esperanza,2022-08-27,2.1,9.475,17.29,51.625
la_esperanza,2022-08-28,2.9,16.025,21.5,37.688
la_esperanza,2022-08-29,1.1,2.775,13.73,81.818
la_esperanza,2022-08-30,0.7,1.55,11.557,88.075
la_esperanza,2022-08-31,1,4.15,12.99,71.803
la_esperanza,2022-09-01,1.7,8.125,15.41,53.145
la_esperanza,2022-09-02,2.2,9.75,17.66,51.852
rio_claro,2022-09-02,2.4,10.162,16.37,45.2
la_esperanza,2022-09-03,2.2,16.25,21.765,37.505
rio_claro,2022-09-03,2.3,15.05,20.178,36.035
la_esperanza,2022-09-04,2.2,15.775,22.495,41.945
rio_claro,2022-09-04,0,14.775,20.7,39.161
la_esperanza,2022-09-05,2.4,16.225,23.452,43.66
rio_claro,2022-09-05,2.6,19.363,23.708,33.718
la_esperanza,2022-09-06,1.4,1.5,13.19,90.255
rio_claro,2022-09-06,0,14.3,21.375,43.69
la_esperanza,2022-09-07,1.8,7.1,15.578,59.697
rio_claro,2022-09-07,0,7.3,13.655,52.795
la_esperanza,2022-09-08,1.9,6.325,12.738,56.403
rio_claro,2022-09-08,1.3,3.138,8.188,70.619
la_esperanza,2022-09-09,2.5,11.925,16.648,36.88
rio_claro,2022-09-09,2.1,6.825,12.367,52.11
la_esperanza,2022-09-10,2.2,7.075,17.085,63.298
rio_claro,2022-09-10,2.4,9.95,16.944,48.081
la_esperanza,2022-09-11,1.7,4.95,13.402,67.262
rio_claro,2022-09-11,0,1.362,8.689,87.219
la_esperanza,2022-09-12,2.2,7.675,15.6,56.825
rio_claro,2022-09-12,2.3,8.213,14.486,49.93
la_esperanza,2022-09-13,2.1,7.45,15.255,56.618
rio_claro,2022-09-13,0,5.2,12.679,64.219
la_esperanza,2022-09-14,2.5,10.95,19.035,50.408
rio_claro,2022-09-14,0,10.088,17.596,49.51
la_esperanza,2022-09-15,2.2,10.25,18.995,53.108
rio_claro,2022-09-15,2.2,9.613,17.786,52.574
la_esperanza,2022-09-16,1.4,2.3,11.897,83.205
rio_claro,2022-09-16,0.9,0.425,9.186,95.979
la_esperanza,2022-09-17,1.8,8.3,16.49,55.252
rio_claro,2022-09-17,1.3,5.912,13.258,61.062
la_esperanza,2022-09-18,1.3,3.45,11.588,74.21
rio_claro,2022-09-18,0.8,0.45,6.383,94.595
la_esperanza,2022-09-19,1.8,7.95,14.822,52.473
rio_claro,2022-09-19,1.2,1.575,7.425,84.378
la_esperanza,2022-09-20,2,8.725,14.628,47.302
rio_claro,2022-09-20,1.5,4.338,9.804,63.651
la_esperanza,2022-09-21,2.5,9.475,14.825,43.562
rio_claro,2022-09-21,2.5,7.688,12.735,47.485
la_esperanza,2022-09-22,3.1,14.9,18.722,30.86
rio_claro,2022-09-22,2.7,8.488,14.704,48.955
la_esperanza,2022-09-23,2.1,10.525,19.068,52.193
rio_claro,2022-09-23,1.5,4.95,13.961,69.109
la_esperanza,2022-09-24,1.2,3.25,13.98,79.07
rio_claro,2022-09-24,1.5,3.2,12.956,78.044
la_esperanza,2022-09-25,2.5,7.625,16.425,58.765
rio_claro,2022-09-25,2.8,5.312,13.782,66.06
la_esperanza,2022-09-26,2.1,8.175,17.35,58.447
rio_claro,2022-09-26,2.1,5.987,14.621,63.698
la_esperanza,2022-09-27,2.9,10.75,19.045,51.175
rio_claro,2022-09-27,2.9,6.387,14.877,62.345
la_esperanza,2022-09-28,2.3,4.075,15.085,76.418
rio_claro,2022-09-28,3.3,10.625,18.744,50.644
la_esperanza,2022-09-29,0.8,0.75,12.265,94.165
rio_claro,2022-09-29,0,1.95,13.171,86.725
la_esperanza,2022-09-30,2.6,5.875,17.685,70.985
rio_claro,2022-09-30,3.3,8.262,18.372,61.07
la_esperanza,2022-10-01,2.9,8.65,20.137,63.022
rio_claro,2022-10-01,2.9,10.588,19.601,53.294
la_esperanza,2022-10-02,2.6,2.575,15.278,85.452
rio_claro,2022-10-02,3.6,12.5,21.455,51.069
la_esperanza,2022-10-03,0.9,0.925,11.207,92.43
rio_claro,2022-10-03,0.8,0.125,9.047,98.89
la_esperanza,2022-10-04,2.1,7.875,16.052,56.47
rio_claro,2022-10-04,1.1,2.113,10.256,82.381
la_esperanza,2022-10-05,2.6,10.05,18.273,51.962
rio_claro,2022-10-05,2.7,6.713,14.815,60.135
la_esperanza,2022-10-06,3.3,13.075,20.585,46.19
rio_claro,2022-10-06,3.3,9.287,17.865,54.742
la_esperanza,2022-10-07,3.6,15.25,22.805,44.972
rio_claro,2022-10-07,0,13.65,21.025,44.994
la_esperanza,2022-10-08,3.5,10,18.39,52.597
rio_claro,2022-10-08,2.7,3.962,12.261,72.305
la_esperanza,2022-10-09,4.1,16.7,21.005,32.94
rio_claro,2022-10-09,3.3,10.537,17.483,47.075
la_esperanza,2022-10-10,3.3,7.925,17.508,60.195
rio_claro,2022-10-10,3.5,12.213,18.56,42.671
la_esperanza,2022-10-11,2.8,6.45,16.333,65.405
rio_claro,2022-10-11,3.1,8.137,17.42,58.966
la_esperanza,2022-10-12,3.5,15.075,21.582,41.255
rio_claro,2022-10-12,3.2,5.325,14.655,67.743
la_esperanza,2022-10-13,3.9,14.125,19.898,39.165
rio_claro,2022-10-13,3.3,6.4,14.506,61.572
la_esperanza,2022-10-14,4,17.3,21.572,32.74
rio_claro,2022-10-14,3.5,10.925,17.925,46.75
la_esperanza,2022-10-15,4.2,20.8,25.025,34.37
rio_claro,2022-10-15,4,17.35,23.282,39.202
la_esperanza,2022-10-16,4,15.7,22.8,43.83
rio_claro,2022-10-16,4,17.338,23.087,38.62
la_esperanza,2022-10-17,2.3,3.2,12.94,78.255
rio_claro,2022-10-17,2.9,4.425,13.986,72.12
la_esperanza,2022-10-18,3.7,10.6,18.078,48.842
rio_claro,2022-10-18,3,5.862,14.511,64.705
la_esperanza,2022-10-19,3.4,11.35,19.317,49.22
rio_claro,2022-10-19,2.1,7.1,16.067,60.821
la_esperanza,2022-10-20,4.1,17.35,24.065,42.092
rio_claro,2022-10-20,4,14.775,21.151,41.443
la_esperanza,2022-10-21,4.1,16.35,23.067,42.055
rio_claro,2022-10-21,4,10.688,19.523,53.196
la_esperanza,2022-10-22,4.3,17.075,24.145,43.162
rio_claro,2022-10-22,4.2,17.6,23.182,37.751
la_esperanza,2022-10-23,4.1,12.275,19.573,46.12
rio_claro,2022-10-23,4,14.662,20.976,40.984
la_esperanza,2022-10-24,4.3,16.775,23.102,40.925
rio_claro,2022-10-24,4,13.8,20.976,44.651
la_esperanza,2022-10-25,3.6,6.975,16.952,63.517
rio_claro,2022-10-25,2.3,7.338,17.061,61.926
la_esperanza,2022-10-26,4.3,17.075,22.517,37.69
rio_claro,2022-10-26,4.2,12.525,20.304,47.218
la_esperanza,2022-10-27,4.5,19.325,24.63,37.772
rio_claro,2022-10-27,0,18.175,22.974,35.009
la_esperanza,2022-10-28,4.2,14.8,21.258,41.185
rio_claro,2022-10-28,2.6,8.525,17.623,57.522
la_esperanza,2022-10-29,4.7,19.5,25.445,40.035
rio_claro,2022-10-29,4.5,20.175,24.716,35.186
la_esperanza,2022-10-30,4.2,15.175,18.17,26.898
rio_claro,2022-10-30,3.7,7.675,13.284,49.985
la_esperanza,2022-10-31,5.3,29.525,26.663,15.78
rio_claro,2022-10-31,4.7,28.212,25.645,15.503
la_esperanza,2022-11-01,5.4,33.225,28.988,17.105
rio_claro,2022-11-01,5.5,37.388,30.068,12.29
la_esperanza,2022-11-02,4.8,22.075,24.708,29.123
rio_claro,2022-11-02,0,22.887,25.305,28.996
la_esperanza,2022-11-03,4.1,14.475,22.04,45.67
rio_claro,2022-11-03,4.7,18.65,24.48,39.151
la_esperanza,2022-11-04,3,4.2,15.067,75.195
rio_claro,2022-11-04,3.7,6.775,17.361,65.628
la_esperanza,2022-11-05,3.6,8.275,17.932,59.688
rio_claro,2022-11-05,3.6,6.875,16.734,64.036
la_esperanza,2022-11-06,4.3,14.3,22.575,47.718
rio_claro,2022-11-06,4.2,13.475,22.364,50.264
la_esperanza,2022-11-07,4.4,15.8,24.567,48.892
rio_claro,2022-11-07,4.3,15.887,24.322,47.695
la_esperanza,2022-11-08,1.4,2.975,14.867,81.803
rio_claro,2022-11-08,3.1,6.125,18.106,70.186
la_esperanza,2022-11-09,1.9,4.75,15.805,73.25
rio_claro,2022-11-09,0,1.65,12.916,88.48
la_esperanza,2022-11-10,3.2,9.625,19.815,58.272
rio_claro,2022-11-10,2.8,6.85,17.066,64.832
la_esperanza,2022-11-11,3.2,10.525,19.553,53.413
rio_claro,2022-11-11,1.7,3.775,14.1,76.13
la_esperanza,2022-11-12,2.2,6.85,17.72,66.005
rio_claro,2022-11-12,0,6.662,15.848,62.64
la_esperanza,2022-11-13,4.5,15.325,21.663,40.688
rio_claro,2022-11-13,4.5,13.75,20.01,40.971
la_esperanza,2022-11-14,4.9,22.625,26.053,32.885
rio_claro,2022-11-14,4.8,15.938,23.072,43.561
la_esperanza,2022-11-15,5.8,31.95,30.355,26.108
rio_claro,2022-11-15,5.1,20.5,26.07,39.218
la_esperanza,2022-11-16,5.4,21.9,27.637,41.138
rio_claro,2022-11-16,0,19.1,26.42,44.747
la_esperanza,2022-11-17,5.6,22.925,27.57,37.865
rio_claro,2022-11-17,5.4,21.175,26.85,40.339
la_esperanza,2022-11-18,5.5,22.35,27.558,39.532
rio_claro,2022-11-18,5.2,13.538,23.881,54.451
la_esperanza,2022-11-19,5.2,22.5,26.843,36.228
rio_claro,2022-11-19,4.8,13.425,23.185,52.735
la_esperanza,2022-11-20,5.5,22.6,25.32,30.05
rio_claro,2022-11-20,5,12.812,21.368,49.973
la_esperanza,2022-11-21,5.3,29.2,28.82,26.738
rio_claro,2022-11-21,5.3,19.675,24.907,38.084
la_esperanza,2022-11-22,5.6,30.175,29.602,27.25
rio_claro,2022-11-22,5.4,22.625,26.752,35.53
la_esperanza,2022-11-23,5.7,31.625,30.562,27.892
rio_claro,2022-11-23,5.6,19.9,26.679,43.105
la_esperanza,2022-11-24,4.7,11.45,23.118,59.267
rio_claro,2022-11-24,5.3,18.075,26.598,47.894
la_esperanza,2022-11-25,5.2,16.9,26.683,51.495
rio_claro,2022-11-25,5.7,23.825,29.087,40.826
la_esperanza,2022-11-26,5.5,20.7,28.477,46.66
rio_claro,2022-11-26,6.1,25.288,29.638,39.14
la_esperanza,2022-11-27,4.2,8.5,21.035,65.695
rio_claro,2022-11-27,5.6,16.837,26.175,50.259
la_esperanza,2022-11-28,3.7,6.25,19.215,72.032
rio_claro,2022-11-28,5.3,10.663,22.466,60.701
la_esperanza,2022-11-29,2.2,4.05,18.197,80.387
rio_claro,2022-11-29,4.4,8.625,21.186,65.613
la_esperanza,2022-11-30,3.7,7.225,19.455,68.425
rio_claro,2022-11-30,5.3,6.662,18.969,69.298
la_esperanza,2022-12-01,5.3,23.325,26.368,32.172
rio_claro,2022-12-01,5.5,16.45,23.375,42.781
la_esperanza,2022-12-02,5.6,22.675,26.157,37.045
rio_claro,2022-12-02,5.7,23.25,26.368,32.261
la_esperanza,2022-12-03,5.6,21.7,26.41,37.165
rio_claro,2022-12-03,5.7,22.325,26.029,33.525
la_esperanza,2022-12-04,6,28.2,29.74,32.695
rio_claro,2022-12-04,0,20.613,26.506,40.57
la_esperanza,2022-12-05,6,31.625,30.165,26.225
rio_claro,2022-12-05,5.7,30.137,28.755,23.609
la_esperanza,2022-12-06,6.1,32.05,30.657,27.33
rio_claro,2022-12-06,5.9,24.3,27.565,34.019
la_esperanza,2022-12-07,5.8,31.275,29.872,25.613
rio_claro,2022-12-07,0,27.575,27.952,26.696
la_esperanza,2022-12-08,6,30.525,30.105,28.752
rio_claro,2022-12-08,6,24.35,27.54,33.835
la_esperanza,2022-12-09,6.1,27.45,30.198,36.192
rio_claro,2022-12-09,6,21.562,27.735,42.02
la_esperanza,2022-12-10,6.2,27,30.123,37.01
rio_claro,2022-12-10,6,18.788,26.874,46.94
la_esperanza,2022-12-11,6,32.825,30.15,23.345
rio_claro,2022-12-11,5.9,19,25.555,42.021
la_esperanza,2022-12-12,6.3,27.55,27.873,26.512
rio_claro,2022-12-12,5.7,17.325,24.045,42.028
la_esperanza,2022-12-13,6.2,31.35,30.15,26.98
rio_claro,2022-12-13,5.9,28.1,28.274,27.213
la_esperanza,2022-12-14,5.9,24.625,28.325,36.055
rio_claro,2022-12-14,6,24.663,28.198,35.414
la_esperanza,2022-12-15,6.4,34.325,31.58,26.355
rio_claro,2022-12-15,6.1,24.825,28.269,35.29
la_esperanza,2022-12-16,5.4,17.625,25.485,45.728
rio_claro,2022-12-16,0,28.863,29.804,31.067
la_esperanza,2022-12-17,4.7,10.625,21.315,58.13
rio_claro,2022-12-17,5.4,17.575,24.449,42.472
la_esperanza,2022-12-18,5.7,21.45,27.282,40.992
rio_claro,2022-12-18,5.8,19.812,26.218,41.772
la_esperanza,2022-12-19,5.8,21.075,25.91,36.96
rio_claro,2022-12-19,5.7,20.663,25.774,37.524
la_esperanza,2022-12-20,5.9,22.25,26.005,33.9
rio_claro,2022-12-20,0,21.162,25.492,35.218
la_esperanza,2022-12-21,6.1,24.225,28.295,37.185
rio_claro,2022-12-21,6,22.712,27.059,36.794
la_esperanza,2022-12-22,5.9,26.325,27.343,27.61
rio_claro,2022-12-22,5.8,23.188,25.724,29.745
la_esperanza,2022-12-23,5.5,17.525,24.825,44.092
rio_claro,2022-12-23,4.7,10.837,21.337,57.426
la_esperanza,2022-12-24,6.1,25.875,27.965,31.5
rio_claro,2022-12-24,5.6,22.525,26.281,34.076
la_esperanza,2022-12-25,5.2,13.725,23.303,51.775
rio_claro,2022-12-25,0,22.7,26.165,33.035
la_esperanza,2022-12-26,4.6,11.775,21.922,55.197
rio_claro,2022-12-26,0,9.5,20.381,60.132
la_esperanza,2022-12-27,5.7,22.925,27.758,38.57
rio_claro,2022-12-27,5.8,21.55,26.884,39.279
la_esperanza,2022-12-28,5.8,27,29.232,33.925
rio_claro,2022-12-28,5.8,22.8,27.009,35.971
la_esperanza,2022-12-29,6.1,32.925,30.917,26.562
rio_claro,2022-12-29,6.3,30.2,29.635,27.544
la_esperanza,2022-12-30,4.8,11.225,22.27,57.985
rio_claro,2022-12-30,5.6,15.838,24.049,47.051
la_esperanza,2022-12-31,1.7,2.525,17.04,87.388
rio_claro,2022-12-31,1.5,4.425,17.265,77.463
la_esperanza,2023-01-01,5.9,16.575,25.513,49.228
rio_claro,2023-01-01,0,13.812,23.59,52.851
la_esperanza,2023-01-02,5.9,22.125,27.245,38.918
rio_claro,2023-01-02,5.7,19.875,25.485,38.955
la_esperanza,2023-01-03,5.7,26.425,27.893,29.898
rio_claro,2023-01-03,5.8,19.05,25.075,40.158
la_esperanza,2023-01-04,5.9,23.625,28.475,39.055
rio_claro,2023-01-04,6.1,33.362,30.6,23.887
la_esperanza,2023-01-05,4.8,13.6,24.142,54.722
rio_claro,2023-01-05,5.5,15.188,24.719,51.168
la_esperanza,2023-01-06,5.4,16.375,25.752,50.597
rio_claro,2023-01-06,5.2,18.337,26.406,46.761
la_esperanza,2023-01-07,5.9,21.025,27.722,43.648
rio_claro,2023-01-07,0,18.763,26.866,46.909
la_esperanza,2023-01-08,6.1,21.975,28.49,43.462
rio_claro,2023-01-08,0,23.55,28.27,38.62
la_esperanza,2023-01-09,5.5,15.775,25.22,51.142
rio_claro,2023-01-09,5.7,16.85,25.462,48.255
la_esperanza,2023-01-10,4.1,12.95,24.085,56.702
rio_claro,2023-01-10,3.7,10.2,21.938,61.158
la_esperanza,2023-01-11,5.5,26.275,29.183,35.097
rio_claro,2023-01-11,5.3,22.325,27.015,37.688
la_esperanza,2023-01-12,5.6,23.75,26.102,30.285
rio_claro,2023-01-12,5.3,20.225,24.291,33.566
la_esperanza,2023-01-13,5.8,26.425,27.84,29.718
rio_claro,2023-01-13,0,25.438,26.312,25.741
la_esperanza,2023-01-14,5.6,12.825,22.087,51.89
rio_claro,2023-01-14,5.7,19.238,24.486,37.359
la_esperanza,2023-01-15,5.6,20.525,26.725,41.758
rio_claro,2023-01-15,0,22.462,26.641,35.596
la_esperanza,2023-01-16,5.5,17.975,25.015,43.332
rio_claro,2023-01-16,5.8,24.3,26.724,30.633
la_esperanza,2023-01-17,5.2,12.75,21.722,51.202
rio_claro,2023-01-17,0,14.362,22.888,48.464
la_esperanza,2023-01-18,5.6,21.55,27.205,40.282
rio_claro,2023-01-18,5.9,27.15,28.406,29.886
la_esperanza,2023-01-19,3.5,6.225,18.082,70.1
rio_claro,2023-01-19,5.2,11.75,22.325,56.295
la_esperanza,2023-01-20,5.1,14.625,23.9,50.5
rio_claro,2023-01-20,0,12.525,22.202,53.237
la_esperanza,2023-01-21,5.7,23.525,27.685,36.737
rio_claro,2023-01-21,5.6,22.675,26.119,33.14
la_esperanza,2023-01-22,5.9,29.775,29.61,28.6
rio_claro,2023-01-22,5.8,24.938,27.36,31.629
la_esperanza,2023-01-23,5.7,21.325,27.908,43.47
rio_claro,2023-01-23,5.8,30.3,29.182,25.278
la_esperanza,2023-01-24,5.7,24.175,28.102,36.422
rio_claro,2023-01-24,5.8,21.413,26.376,37.627
la_esperanza,2023-01-25,5.8,21.575,27.905,42.64
rio_claro,2023-01-25,5.5,19.038,25.966,43.286
la_esperanza,2023-01-26,5.6,19.4,25.038,39.112
rio_claro,2023-01-26,5.5,20.95,25.237,34.69
la_esperanza,2023-01-27,5.5,27.6,28.358,28.637
rio_claro,2023-01-27,5.4,21.75,25.552,33.889
la_esperanza,2023-01-28,5.6,31.15,29.792,25.865
rio_claro,2023-01-28,0,29.8,28.582,23.879
la_esperanza,2023-01-29,5.6,25.85,28.452,33.49
rio_claro,2023-01-29,0,29.4,29.086,27.003
la_esperanza,2023-01-30,5.5,15.975,25.155,50.675
rio_claro,2023-01-30,0,20.337,26.949,42.64
la_esperanza,2023-01-31,5.4,15.45,25.915,53.805
rio_claro,2023-01-31,5.6,23.137,27.675,37.701
la_esperanza,2023-02-01,5.5,19.125,26.205,44.032
rio_claro,2023-02-01,0,22.675,27.262,37.36
la_esperanza,2023-02-02,5.6,32.225,30.663,27.093
rio_claro,2023-02-02,5.4,24.875,27.78,33.335
la_esperanza,2023-02-03,5.1,17.175,25.598,47.642
rio_claro,2023-02-03,0,27.6,29.25,31.972
la_esperanza,2023-02-04,5,17.325,26.472,50.182
rio_claro,2023-02-04,5.3,23.062,27.909,38.513
la_esperanza,2023-02-05,4.6,16.175,26.302,52.692
rio_claro,2023-02-05,4.5,16.275,25.849,51.013
la_esperanza,2023-02-06,4.7,17.975,26.898,49.48
rio_claro,2023-02-06,4.4,17.525,26.362,49.073
la_esperanza,2023-02-07,4.1,9.1,22.258,65.947
rio_claro,2023-02-07,4.4,22.25,27.645,39.778
la_esperanza,2023-02-08,4.5,10.525,23.65,64.333
rio_claro,2023-02-08,0,23.275,27.575,36.856
la_esperanza,2023-02-09,4.6,31.15,31.052,31.597
rio_claro,2023-02-09,0,31.125,29.502,24.406
la_esperanza,2023-02-10,4.8,32.5,31.188,28.685
rio_claro,2023-02-10,5.2,24.738,27.621,32.995
la_esperanza,2023-02-11,4.8,29.475,29.968,30.518
rio_claro,2023-02-11,5,27.75,28.462,28.632
la_esperanza,2023-02-12,5.2,28.2,29.035,29.825
rio_claro,2023-02-12,4.9,26.175,27.197,27.584
la_esperanza,2023-02-13,5.1,23.2,27.435,36.623
rio_claro,2023-02-13,4.9,17.25,24.581,44.158
la_esperanza,2023-02-14,4.9,24.35,27.245,32.573
rio_claro,2023-02-14,0,17.475,23.801,40.91
la_esperanza,2023-02-15,5.3,27.075,28.575,31.16
rio_claro,2023-02-15,4.9,23.575,26.19,30.74
la_esperanza,2023-02-16,4.8,19.15,25.66,42.09
rio_claro,2023-02-16,0,15.513,23.31,45.725
la_esperanza,2023-02-17,4.7,22.85,26.375,33.723
rio_claro,2023-02-17,4.6,22.438,25.69,31.925
la_esperanza,2023-02-18,4.9,28.375,28.602,27.562
rio_claro,2023-02-18,4.8,29.575,28.469,23.806
la_esperanza,2023-02-19,4.8,27.9,28.995,30.44
rio_claro,2023-02-19,5,29.95,29.075,25.708
la_esperanza,2023-02-20,4.8,29.1,29.562,29.98
rio_claro,2023-02-20,4.9,29.825,28.958,25.528
la_esperanza,2023-02-21,4.9,28.15,29.01,30.075
rio_claro,2023-02-21,4.7,30.25,29.065,24.875
la_esperanza,2023-02-22,4.3,14.2,24.032,52.798
rio_claro,2023-02-22,4.6,21.75,26.239,36.142
la_esperanza,2023-02-23,4.7,22.1,27.082,39.017
rio_claro,2023-02-23,4.6,25.1,27.616,32.075
la_esperanza,2023-02-24,3.9,12.125,23.17,57.155
rio_claro,2023-02-24,4.5,18.825,25.639,42.528
la_esperanza,2023-02-25,4.2,15.25,24.725,51.457
rio_claro,2023-02-25,4.3,14.962,23.977,49.767
la_esperanza,2023-02-26,4.5,24.45,28.018,35.43
rio_claro,2023-02-26,0,20.962,25.53,35.865
la_esperanza,2023-02-27,4.8,28.8,28.922,27.995
rio_claro,2023-02-27,0,33.175,29.848,21.108
la_esperanza,2023-02-28,4.3,21.975,26.185,35.662
rio_claro,2023-02-28,0,23.062,26.309,32.576
la_esperanza,2023-03-01,4.2,23.7,27.675,36.108
rio_claro,2023-03-01,4.2,19.188,25.32,40.641
la_esperanza,2023-03-02,4.8,24.525,28.02,35.408
rio_claro,2023-03-02,4.3,24.075,26.91,32.115
la_esperanza,2023-03-03,4,14.35,23.23,50.185
rio_claro,2023-03-03,4.1,18.712,24.999,40.961
la_esperanza,2023-03-04,4.1,24.375,28.907,39.26
rio_claro,2023-03-04,0,24.65,28.54,36.7
la_esperanza,2023-03-05,4.3,18.525,26.042,44.8
rio_claro,2023-03-05,0,31.5,29.267,22.59
la_esperanza,2023-03-06,3.5,9.175,21.693,64.18
rio_claro,2023-03-06,4,18.85,24.84,39.841
la_esperanza,2023-03-07,4.3,17.875,26.413,48.242
rio_claro,2023-03-07,3.8,23.763,27.226,34.233
la_esperanza,2023-03-08,4,13.95,23.955,53.165
rio_claro,2023-03-08,3.8,18.388,25.061,42.12
la_esperanza,2023-03-09,3.7,18.7,26.285,45.445
rio_claro,2023-03-09,3.4,22.675,26.782,35.441
la_esperanza,2023-03-10,3.1,13.35,22.495,59.86
rio_claro,2023-03-10,4.5,13.2,22.6,51.5
la_esperanza,2023-03-11,3.9,16.825,24.12,44.395
rio_claro,2023-03-11,3.7,21.95,26.351,35.911
la_esperanza,2023-03-12,3.7,15.725,24.328,48.45
rio_claro,2023-03-12,3.6,18.1,24.56,41.315
la_esperanza,2023-03-13,3.3,15.225,25.47,53.245
rio_claro,2023-03-13,3.3,17.75,25.652,46.062
la_esperanza,2023-03-14,3.8,17.75,26.567,49.11
rio_claro,2023-03-14,0,17.775,25.828,46.445
la_esperanza,2023-03-15,3.5,22.5,25.75,31.955
rio_claro,2023-03-15,3.6,22.475,24.879,28.288
la_esperanza,2023-03-16,3.7,21.525,26.33,37.39
rio_claro,2023-03-16,3.5,23.312,26.44,32.299
la_esperanza,2023-03-17,3.9,15.525,25.363,52.032
rio_claro,2023-03-17,3.5,17.125,24.985,45.822
la_esperanza,2023-03-18,3.9,22.35,27.902,40.658
rio_claro,2023-03-18,0,17.488,25.095,44.984
la_esperanza,2023-03-19,4.1,24.1,29.233,40.805
rio_claro,2023-03-19,3.5,21.625,27.067,39.774
la_esperanza,2023-03-20,3.8,14.025,24.767,55.17
rio_claro,2023-03-20,3.4,22.1,26.5,36.181
la_esperanza,2023-03-21,3.7,19.325,26.405,44.537
rio_claro,2023-03-21,0,25.862,27.164,28.127
la_esperanza,2023-03-22,3.6,27.175,28.328,29.985
rio_claro,2023-03-22,3.3,29.35,28.08,22.642
la_esperanza,2023-03-23,3.4,30.15,29.4,26.787
rio_claro,2023-03-23,3.2,29.3,27.82,21.557
la_esperanza,2023-03-24,3.4,30.9,29.355,24.788
rio_claro,2023-03-24,3.4,29.675,28.157,22.085
la_esperanza,2023-03-25,3.4,28.375,28.232,26.477
rio_claro,2023-03-25,3.2,21.75,24.996,31.221
la_esperanza,2023-03-26,3.3,16.325,24.16,45.74
rio_claro,2023-03-26,3.4,24.7,26.556,28.8
la_esperanza,2023-03-27,2.8,6.975,18.86,68.56
rio_claro,2023-03-27,3.1,17.425,24.068,41.658
la_esperanza,2023-03-28,3.1,10.375,20.84,58.53
rio_claro,2023-03-28,3.1,15.475,22.765,44.005
la_esperanza,2023-03-29,3.2,13.175,23.282,53.908
rio_claro,2023-03-29,3,9.337,19.21,57.928
la_esperanza,2023-03-30,3,18.85,24.042,37.233
rio_claro,2023-03-30,2.8,15.825,21.609,38.634
la_esperanza,2023-03-31,3.1,24.8,26.188,27.508
rio_claro,2023-03-31,2.9,28.7,27.008,19.591
la_esperanza,2023-04-01,0,26.775,26.913,24.803
rio_claro,2023-04-01,0,23.45,24.586,23.88
la_esperanza,2023-04-02,2.9,25.025,27.985,33.718
rio_claro,2023-04-02,0,19.95,24.29,34.175
la_esperanza,2023-04-03,2.3,21.225,26.125,37.487
rio_claro,2023-04-03,2.4,16.85,23.544,41.741
la_esperanza,2023-04-04,2.9,25.55,27.495,30.675
rio_claro,2023-04-04,2.7,26.012,26.376,24.422
la_esperanza,2023-04-05,2.5,20.2,23.665,30.822
rio_claro,2023-04-05,2.3,20.225,23.428,29.782
la_esperanza,2023-04-06,2.6,26.6,27.195,26.298
rio_claro,2023-04-06,2.7,21.087,24.54,31.426
la_esperanza,2023-04-07,2.8,27.575,28.438,29.142
rio_claro,2023-04-07,2.6,26.45,26.286,22.526
la_esperanza,2023-04-08,2.6,29.275,27.925,22.19
rio_claro,2023-04-08,2.6,28.738,26.59,17.219
la_esperanza,2023-04-09,2.4,22.075,25.258,31.417
rio_claro,2023-04-09,0,28,26.298,18.048
la_esperanza,2023-04-10,2.5,25.25,27.078,29.447
rio_claro,2023-04-10,2.3,25.238,25.733,23.462
la_esperanza,2023-04-11,2.7,17.325,26.012,48.345
rio_claro,2023-04-11,2.5,19.625,24.719,36.814
la_esperanza,2023-04-12,1.5,8.725,20.032,62.4
rio_claro,2023-04-12,0,8.113,18.907,62.415
la_esperanza,2023-04-13,1.8,7.15,18.452,66.218
rio_claro,2023-04-13,0,6.812,17.585,65.944
la_esperanza,2023-04-14,1.6,6.2,17.75,69.427
rio_claro,2023-04-14,1.5,4.55,15.591,73.894
la_esperanza,2023-04-15,2,12.325,21.09,50.535
rio_claro,2023-04-15,1.9,10.2,18.501,51.866
la_esperanza,2023-04-16,2,12.275,20.418,48.683
rio_claro,2023-04-16,2,11.7,18.835,46.188
la_esperanza,2023-04-17,1.9,10.825,18.98,50.668
rio_claro,2023-04-17,1.7,7.775,15.575,56.045
la_esperanza,2023-04-18,1.8,14.3,19.435,36.37
rio_claro,2023-04-18,0,8.613,14.689,48.085
la_esperanza,2023-04-19,2.3,20.925,23.465,27.42
rio_claro,2023-04-19,1.8,18.262,21.733,29.674
la_esperanza,2023-04-20,2,8.15,19.155,63.303
rio_claro,2023-04-20,2.1,23.95,25.003,24.213
la_esperanza,2023-04-21,1.9,8.475,19.295,61.815
rio_claro,2023-04-21,1.5,7.175,17.405,63.697
la_esperanza,2023-04-22,1.7,9.175,20.425,62.155
rio_claro,2023-04-22,1.6,10.825,19.734,52.728
la_esperanza,2023-04-23,1.3,4.025,16.053,78.132
rio_claro,2023-04-23,1.8,12.2,20.587,49.416
la_esperanza,2023-04-24,1,1.4,13.343,90.51
rio_claro,2023-04-24,1.8,13.9,21.566,45.716
la_esperanza,2023-04-25,1.3,3.1,15.71,82.923
rio_claro,2023-04-25,1.6,18.512,22.879,33.385
la_esperanza,2023-04-26,1.3,10.15,20.99,58.992
rio_claro,2023-04-26,1.2,10.788,19.585,52.736
la_esperanza,2023-04-27,1,2.95,14.753,81.958
rio_claro,2023-04-27,1.5,9.188,18.541,56.885
la_esperanza,2023-04-28,1.8,10.45,19.693,54.11
rio_claro,2023-04-28,0.9,5.875,15.86,66.894
la_esperanza,2023-04-29,1,1.475,16.925,92.01
rio_claro,2023-04-29,0.5,0,13.562,99.985
la_esperanza,2023-04-30,1.7,7.9,16.983,59.152
rio_claro,2023-04-30,0.8,6.775,14.302,58.228
la_esperanza,2023-05-01,1.4,8.875,16.615,NA
rio_claro,2023-05-01,0.6,5.325,12.774,NA
la_esperanza,2023-05-02,1.3,8.125,16.477,NA
rio_claro,2023-05-02,0.6,6.838,13.537,NA
la_esperanza,2023-05-03,1.3,9.1,17.322,NA
rio_claro,2023-05-03,0,7.325,14.837,NA
la_esperanza,2023-05-04,0.9,0.425,9.735,NA
rio_claro,2023-05-04,0,6.912,14.919,NA
la_esperanza,2023-05-05,1.4,8.2,17.61,NA
rio_claro,2023-05-05,0,6.775,16.07,NA
la_esperanza,2023-05-06,0.7,1.975,12.395,NA
rio_claro,2023-05-06,0.7,0.175,8.69,NA
la_esperanza,2023-05-07,1.2,5.675,15.19,NA
rio_claro,2023-05-07,0.7,5.263,14.264,NA
la_esperanza,2023-05-08,1.3,10.725,19.715,NA
rio_claro,2023-05-08,0.8,14.338,20.363,NA
rio_claro,2023-05-09,0.9,18.137,22.629,NA
rio_claro,2023-05-10,0.8,10.45,18.87,NA
rio_claro,2023-05-11,0,8.375,18.019,NA
rio_claro,2023-05-12,1.1,13.312,21.023,NA
rio_claro,2023-05-13,1.1,15.3,21.814,NA
rio_claro,2023-05-14,0,10.875,19.45,NA
rio_claro,2023-05-15,0,5.025,15.523,NA
rio_claro,2023-05-16,1.1,6.3,16.898,NA
rio_claro,2023-05-17,0.8,5.625,16.146,NA
rio_claro,2023-05-18,1,6.862,16.724,NA
rio_claro,2023-05-19,0.8,1.875,12.212,NA
rio_claro,2023-05-20,0.9,11.462,18.089,NA
rio_claro,2023-05-21,0.8,5.65,11.921,NA
rio_claro,2023-05-22,0.8,5.25,14.105,NA
rio_claro,2023-05-23,0.6,4.425,14.18,NA
rio_claro,2023-05-24,0.6,2.288,13.28,NA
rio_claro,2023-05-25,0.6,1.55,11.46,NA
rio_claro,2023-05-26,0.7,4.375,13.023,NA
rio_claro,2023-05-27,0.8,2.65,11.789,NA
rio_claro,2023-05-28,0.7,6.737,15.066,NA
rio_claro,2023-05-29,0.9,10.088,16.146,NA
rio_claro,2023-05-30,0,10.738,17.628,NA
rio_claro,2023-05-31,0,11.4,18.545,NA
la_esperanza,2023-06-30,0.7,9.725,17.91,NA
rio_claro,2023-06-30,0.9,14.162,19.204,NA
la_esperanza,2023-07-01,0.9,6.775,16.298,NA
rio_claro,2023-07-01,0.9,7.45,11.655,NA
la_esperanza,2023-07-02,0.8,6.1,15.598,NA
rio_claro,2023-07-02,0.5,2.188,11.025,NA
la_esperanza,2023-07-03,0.8,5.625,16.192,NA
rio_claro,2023-07-03,0.7,9.075,16.318,NA
la_esperanza,2023-07-04,1,8.2,17.328,NA
rio_claro,2023-07-04,0.7,5.162,14.106,NA
la_esperanza,2023-07-05,0.8,3.675,14.765,NA
rio_claro,2023-07-05,0.6,4.375,13.214,NA
la_esperanza,2023-07-06,0.7,1.85,13.778,NA
rio_claro,2023-07-06,0.7,5.262,13.916,NA
la_esperanza,2023-07-07,0.6,1.675,12.422,NA
rio_claro,2023-07-07,0.5,1.362,9.589,NA
la_esperanza,2023-07-08,0.6,0.625,13.235,NA
rio_claro,2023-07-08,0.7,1.675,11.235,NA
la_esperanza,2023-07-09,0.8,4.625,15.49,NA
rio_claro,2023-07-09,0.7,1.688,12.13,NA
la_esperanza,2023-07-10,0.8,2.8,12.68,NA
rio_claro,2023-07-10,0.7,4.275,12.426,NA
la_esperanza,2023-07-11,0.6,0.35,11.62,NA
rio_claro,2023-07-11,0.7,3.837,11.647,NA
la_esperanza,2023-07-12,0.9,4.85,14.19,NA
rio_claro,2023-07-12,0.7,1.538,10.489,NA
la_esperanza,2023-07-13,0.8,4.525,13.732,NA
rio_claro,2023-07-13,0.8,5.113,12.011,NA
la_esperanza,2023-07-14,0.7,3.65,12.922,NA
rio_claro,2023-07-14,0.6,1.763,9.954,NA
la_esperanza,2023-07-15,0.7,2.2,9.8,NA
rio_claro,2023-07-15,0.6,0.788,6.646,NA
la_esperanza,2023-07-16,0.8,3.9,11.55,NA
rio_claro,2023-07-16,0.6,0.65,7.225,NA
la_esperanza,2023-07-17,0.7,3.8,12.645,NA
rio_claro,2023-07-17,0.8,10.363,16.724,NA
la_esperanza,2023-07-18,0.9,3.35,13.42,NA
rio_claro,2023-07-18,1.3,7.487,14.75,NA
la_esperanza,2023-07-19,0.9,8.65,16.96,NA
rio_claro,2023-07-19,0.9,12.062,17.176,NA
la_esperanza,2023-07-20,0.8,2.975,14.328,NA
rio_claro,2023-07-20,0.8,7.475,15.148,NA
la_esperanza,2023-07-21,0.8,0.425,14.037,NA
rio_claro,2023-07-21,0.6,0.038,10.383,NA
la_esperanza,2023-07-22,0.8,4.025,14.115,NA
rio_claro,2023-07-22,0.6,1.312,8.531,NA
la_esperanza,2023-07-23,0.7,2.1,10.74,NA
rio_claro,2023-07-23,0.5,0.537,7.199,NA
la_esperanza,2023-07-24,0.9,6.85,14.645,NA
rio_claro,2023-07-24,0.9,8.462,15.294,NA
la_esperanza,2023-07-25,0.6,0.175,11.472,NA
rio_claro,2023-07-25,0.6,0,9.889,NA
la_esperanza,2023-07-26,0.9,3.125,12.845,NA
rio_claro,2023-07-26,0.7,1.913,10.625,NA
la_esperanza,2023-07-27,1.2,5.775,14.422,NA
rio_claro,2023-07-27,0.9,7,13.849,NA
la_esperanza,2023-07-28,1,6.575,16.61,NA
rio_claro,2023-07-28,0.9,7.625,16.803,NA
la_esperanza,2023-07-29,1.3,10.5,20.155,NA
rio_claro,2023-07-29,1.1,10.688,19.165,NA
la_esperanza,2023-07-30,1,3.475,16.155,NA
rio_claro,2023-07-30,0.8,3.188,14.459,NA
la_esperanza,2023-07-31,0.8,0.025,12.098,NA
rio_claro,2023-07-31,0,12.938,20.247,NA
la_esperanza,2023-08-01,1.4,6.775,17.795,66.775
rio_claro,2023-08-01,1.1,10.5,18.021,48.891
la_esperanza,2023-08-02,1.5,8.3,18.357,60.812
rio_claro,2023-08-02,0.9,1.863,11.791,86.655
la_esperanza,2023-08-03,1.5,7.325,16.852,61.632
rio_claro,2023-08-03,1,3.775,11.959,74.385
la_esperanza,2023-08-04,1.4,8.7,17.032,55.148
rio_claro,2023-08-04,1.1,8.963,16.471,52.172
la_esperanza,2023-08-05,0.8,3.075,13.89,80.048
rio_claro,2023-08-05,0.8,0.837,9.815,92.706
la_esperanza,2023-08-06,1.1,6.25,17.175,67.74
rio_claro,2023-08-06,1.3,6.025,16.041,66.626
la_esperanza,2023-08-07,1,4.125,15.047,75.51
rio_claro,2023-08-07,1,5.987,14.076,62.474
la_esperanza,2023-08-08,1.4,7.075,17.843,64.97
rio_claro,2023-08-08,1.3,10.425,17.773,48.312
la_esperanza,2023-08-09,0.9,1.087,12.969,92.165
rio_claro,2023-08-09,0.7,4.575,13.383,70.28
la_esperanza,2023-08-10,0.9,0,10.662,99.25
rio_claro,2023-08-10,0.6,0,8.349,99.981
la_esperanza,2023-08-11,1.4,5.212,14.325,67.521
rio_claro,2023-08-11,0.8,0.138,7.852,97.97
la_esperanza,2023-08-12,1.7,8.125,16.971,57.93
rio_claro,2023-08-12,1.2,4.888,13.32,68.048
la_esperanza,2023-08-13,2.1,11.988,21.311,52.454
rio_claro,2023-08-13,1.4,13.463,20.959,45.349
rio_claro,2023-08-14,1.5,14.938,21.849,42.873
rio_claro,2023-08-15,0.6,0.175,10.659,98.28
rio_claro,2023-08-16,0.7,2.087,12.606,85.161
rio_claro,2023-08-17,0.8,0.6,10.836,95.197
la_esperanza,2023-08-18,1.1,3.725,14.674,77.292
rio_claro,2023-08-18,1.2,3.25,11.835,76.245
la_esperanza,2023-08-19,0.5,0,10.669,99.281
rio_claro,2023-08-19,0.6,0,8.539,99.972
la_esperanza,2023-08-20,1,2.362,15.59,86.239
rio_claro,2023-08-20,0.6,0,11.349,99.893
la_esperanza,2023-08-21,1.1,0.787,13.895,94.509
rio_claro,2023-08-21,0.7,0,11.496,99.845
la_esperanza,2023-08-22,1.1,0.5,13.984,96.369
rio_claro,2023-08-22,0.6,0,11.683,99.942
la_esperanza,2023-08-23,1.8,8.162,15.448,53.237
rio_claro,2023-08-23,0.6,2.912,11.372,77.908
la_esperanza,2023-08-24,1.7,8.85,16.004,51.124
rio_claro,2023-08-24,0,6.837,13.02,53.748
la_esperanza,2023-08-25,1.7,8.25,16.376,55.441
rio_claro,2023-08-25,0.7,4.35,12.98,70.7
la_esperanza,2023-08-26,1.9,12.688,18.515,40.28
rio_claro,2023-08-26,0.7,7.713,14.215,51.93
la_esperanza,2023-08-27,2,15.463,20.039,33.985
rio_claro,2023-08-27,1.3,14.688,18.683,31.528
la_esperanza,2023-08-28,1.4,9,16.858,52.752
rio_claro,2023-08-28,1.2,6.463,13.742,58.311
la_esperanza,2023-08-29,2.3,13.6,20.386,43.07
rio_claro,2023-08-29,1.7,10.925,17.776,46.235
la_esperanza,2023-08-30,2.1,10.137,18.377,51.705
rio_claro,2023-08-30,1.3,7.275,15.822,59.089
la_esperanza,2023-08-31,2,10.713,18.388,49.436
rio_claro,2023-08-31,1.2,4.513,13.555,70.658
la_esperanza,2023-09-01,1.5,7.6,16.129,58.106
rio_claro,2023-09-01,0.8,4.013,12.831,72.401
la_esperanza,2023-09-02,0.9,2.062,14.176,86.72
rio_claro,2023-09-02,0,2.825,11.886,79.025
la_esperanza,2023-09-03,1.7,4.388,16.725,76.856
rio_claro,2023-09-03,0.7,1.787,12.55,87.262
la_esperanza,2023-09-04,0.9,0.8,14.304,94.956
rio_claro,2023-09-04,0.6,0.15,10.701,98.531
la_esperanza,2023-09-05,0.8,0.3,12.172,97.52
rio_claro,2023-09-05,0.7,3.7,12.941,75.28
la_esperanza,2023-09-06,0.8,0.013,10.948,99.284
rio_claro,2023-09-06,0.6,0,9.796,99.874
la_esperanza,2023-09-07,1.7,4.6,15.445,73.738
rio_claro,2023-09-07,1.6,4.55,13.178,69.562
la_esperanza,2023-09-08,2.3,9.088,18.136,55.972
rio_claro,2023-09-08,0,4.912,15.067,70.982
la_esperanza,2023-09-09,1.1,7.15,15.159,58.111
rio_claro,2023-09-09,0.7,2.95,11.732,78.032
la_esperanza,2023-09-10,0.9,1.8,15.039,89.07
rio_claro,2023-09-10,0.6,0.15,11.93,98.602
la_esperanza,2023-09-11,2.5,8.312,16.781,56.131
rio_claro,2023-09-11,0.9,4.938,13.718,68.218
la_esperanza,2023-09-12,0,8.413,15.793,52.756
rio_claro,2023-09-12,0.6,1.163,8.324,89.849
la_esperanza,2023-09-13,1.5,5.838,14.65,64.396
rio_claro,2023-09-13,0.6,5.225,12.72,64.052
la_esperanza,2023-09-14,2.7,13.887,20.469,42.08
rio_claro,2023-09-14,0.9,11.688,19.476,48.436
la_esperanza,2023-09-15,3.4,15.213,23.526,47.471
rio_claro,2023-09-15,1.1,15.688,21.598,39.086
la_esperanza,2023-09-16,1.5,5.1,17.72,74.63
rio_claro,2023-09-16,0.6,3.275,13.82,78.741
la_esperanza,2023-09-17,1.6,5.362,13.348,64.618
rio_claro,2023-09-17,0.5,0.062,7.095,99.068
la_esperanza,2023-09-18,1.7,6.675,14.448,58.862
rio_claro,2023-09-18,0.5,2.013,10.212,83.249
la_esperanza,2023-09-19,1.5,4.488,13.569,70.715
rio_claro,2023-09-19,0.5,1.163,8.686,89.197
la_esperanza,2023-09-20,1.2,4.65,15.045,72.549
rio_claro,2023-09-20,0.5,2.487,11.87,81.645
la_esperanza,2023-09-21,2.1,8.363,18.062,59.43
rio_claro,2023-09-21,0.6,4.225,15.049,74.854
la_esperanza,2023-09-22,1,2.837,15.033,83.139
rio_claro,2023-09-22,0.5,1.988,12.69,85.946
la_esperanza,2023-09-23,2.6,6.938,17.938,66.178
rio_claro,2023-09-23,0.6,3.55,13.769,77.11
la_esperanza,2023-09-24,3.3,11.775,19.654,48.224
rio_claro,2023-09-24,0.9,5.45,15.5,68.779
la_esperanza,2023-09-25,2.7,9.8,18.504,53.662
rio_claro,2023-09-25,0.8,5.113,14.374,68.435
la_esperanza,2023-09-26,3,10.037,17.12,48.266
rio_claro,2023-09-26,0.7,3.275,11.674,75.8
la_esperanza,2023-09-27,3.3,12.025,18.921,44.985
rio_claro,2023-09-27,0.8,6.125,14.92,63.604
la_esperanza,2023-09-28,2.6,7.675,16.25,58.35
rio_claro,2023-09-28,0,2.663,10.994,80.186
la_esperanza,2023-09-29,3.3,14,21.331,44.81
rio_claro,2023-09-29,1.4,11.075,19.43,50.809
la_esperanza,2023-09-30,3.2,9.7,21.281,61.316
rio_claro,2023-09-30,1.6,18.688,22.994,33.245
la_esperanza,2023-10-01,0.8,0.112,11.459,99.029
rio_claro,2023-10-01,0.5,0.112,11.28,98.878
la_esperanza,2023-10-02,2.2,9.188,16.318,50.074
rio_claro,2023-10-02,0.7,4.263,12.59,70.325
la_esperanza,2023-10-03,2.4,8.762,17.005,54.766
rio_claro,2023-10-03,1.1,4.425,13.286,70.551
la_esperanza,2023-10-04,3.4,13.537,20.134,42.733
rio_claro,2023-10-04,3,9.637,16.156,47.611
la_esperanza,2023-10-05,3.3,11.4,19.569,49.816
rio_claro,2023-10-05,3.1,11.788,17.321,39.959
la_esperanza,2023-10-06,2.9,9.8,17.192,50.28
rio_claro,2023-10-06,2.5,5.575,14.234,65.335
la_esperanza,2023-10-07,3.8,15.25,20.624,37.002
rio_claro,2023-10-07,3.3,8.05,16.003,55.76
la_esperanza,2023-10-08,3.7,18.875,23.23,33.782
rio_claro,2023-10-08,3.5,11.75,19.242,47.408
la_esperanza,2023-10-09,3.8,19.288,23.954,35.646
rio_claro,2023-10-09,3.2,12.4,19.54,45.267
la_esperanza,2023-10-10,2.1,3.513,14.155,78.236
rio_claro,2023-10-10,2.6,7.325,16.078,59.778
la_esperanza,2023-10-11,3.7,12.613,20.01,45.909
rio_claro,2023-10-11,3.6,8.05,16.656,57.389
la_esperanza,2023-10-12,3.7,17.812,22.964,36.331
rio_claro,2023-10-12,3.8,11.8,19.311,47.138
la_esperanza,2023-10-13,3.7,24.725,25.427,23.635
rio_claro,2023-10-13,3.8,18.286,21.771,29.583
la_esperanza,2023-10-14,4,25,26.396,27.183
rio_claro,2023-10-14,3.6,20.2,22.738,26.687
la_esperanza,2023-10-15,4.1,26.825,26.015,20.005
rio_claro,2023-10-15,3.8,20.487,22.981,26.726
la_esperanza,2023-10-16,4,20.263,23.961,31.914
rio_claro,2023-10-16,3.8,17.562,21.392,30.761
la_esperanza,2023-10-17,4.1,23.95,24.108,20.007
rio_claro,2023-10-17,3.5,16.6,20.193,29.622
la_esperanza,2023-10-18,4.3,24.788,26.855,29.673
rio_claro,2023-10-18,4.1,24.357,25.641,25.774
la_esperanza,2023-10-19,3.4,15.712,21.909,39.981
rio_claro,2023-10-19,3.1,11.257,19.041,48.541
la_esperanza,2023-10-20,3.7,25.312,26.632,27.169
rio_claro,2023-10-20,3.1,16.925,22.497,37.704
la_esperanza,2023-10-21,2,5.713,18.689,73.293
rio_claro,2023-10-21,2,11.357,19.68,50.124
la_esperanza,2023-10-22,1.4,4.15,16.644,77.636
rio_claro,2023-10-22,1.4,1.967,14.867,87.957
la_esperanza,2023-10-23,1.3,3.325,17.079,82.49
rio_claro,2023-10-23,1.2,3.362,15.847,80.9
la_esperanza,2023-10-24,1.9,6.963,17.94,65.695
rio_claro,2023-10-24,2.1,4.75,16.052,73.512
la_esperanza,2023-10-25,4.1,20.538,24.649,33.619
rio_claro,2023-10-25,3.6,14.229,20.381,40.229
la_esperanza,2023-10-26,4.2,25.55,26.39,25.514
rio_claro,2023-10-26,3.8,19.014,22.976,31.914
la_esperanza,2023-10-27,3.9,14.038,22.007,47.036
rio_claro,2023-10-27,4,16.183,21.747,37.602
la_esperanza,2023-10-28,1.4,3.938,14.53,75.86
rio_claro,2023-10-28,0.9,1.612,11.238,87.386
la_esperanza,2023-10-29,1.4,6.088,14.132,62.127
rio_claro,2023-10-29,0.9,3.45,11.544,74.129
la_esperanza,2023-10-30,1.5,0.1,12.3,99.234
rio_claro,2023-10-30,1,0,10.253,99.981
la_esperanza,2023-10-31,1.4,3.112,14.347,80.501
rio_claro,2023-10-31,1.1,1.087,10.436,90.776
la_esperanza,2023-11-01,3.8,14.387,21.461,43.405
rio_claro,2023-11-01,2.7,7.767,17.63,61.165
la_esperanza,2023-11-02,1.6,2.162,12.454,84.749
rio_claro,2023-11-02,1.3,2.657,10.304,78.493
la_esperanza,2023-11-03,4,16.188,21.464,36.436
rio_claro,2023-11-03,3.3,11.225,18.058,45.51
la_esperanza,2023-11-04,5.1,27.95,27.76,24.791
rio_claro,2023-11-04,4.5,18.9,23.896,36.057
la_esperanza,2023-11-05,4.2,7.625,18.906,64.756
rio_claro,2023-11-05,4.5,14.367,22.303,46.6
la_esperanza,2023-11-06,3.8,17.788,24.31,41.257
rio_claro,2023-11-06,2,6.875,18.056,66.529
la_esperanza,2023-11-07,4.3,11.262,20.8,53.761
rio_claro,2023-11-07,3.2,9.767,20.688,59.643
la_esperanza,2023-11-08,4.5,19.112,24.907,39.118
rio_claro,2023-11-08,4.2,12.1,21.247,51.837
la_esperanza,2023-11-09,4.8,28.325,27.089,20.696
rio_claro,2023-11-09,4.4,18.163,22.445,33.019
la_esperanza,2023-11-10,4.1,15.538,23.817,47.131
rio_claro,2023-11-10,3.7,17.25,23.795,41.235
la_esperanza,2023-11-11,0.9,0,11.21,99.27
rio_claro,2023-11-11,0.8,0,10.303,99.892
la_esperanza,2023-11-12,1.1,1.763,15.012,89.162
rio_claro,2023-11-12,0.7,0.814,10.499,92.769
la_esperanza,2023-11-13,2.6,6.637,17.32,66.13
rio_claro,2023-11-13,2.3,3.912,14.51,75.771
la_esperanza,2023-11-14,4.8,18.2,22.971,34.804
rio_claro,2023-11-14,4.1,10.05,18.987,53.851
la_esperanza,2023-11-15,3.9,17.125,22.597,37.298
rio_claro,2023-11-15,3.1,8.843,17.83,56.447
la_esperanza,2023-11-16,4.7,15.238,21.659,40.89
rio_claro,2023-11-16,3.9,9.671,18.459,54.179
la_esperanza,2023-11-17,5,20.625,24.495,32.721
rio_claro,2023-11-17,4.4,15.657,21.439,38.466
la_esperanza,2023-11-18,2,0,14,97
rio_claro,2023-11-18,0.9,0,11.287,99.986
la_esperanza,2023-11-19,2.8,6.8,20.097,70.925
rio_claro,2023-11-19,1.7,1.457,14.353,90.66
la_esperanza,2023-11-20,5.5,29.825,29.224,26.404
rio_claro,2023-11-20,5,19.767,25.37,38.752
la_esperanza,2023-11-21,4.8,20.925,25.391,35.191
rio_claro,2023-11-21,4.2,13.35,21.396,47.338
la_esperanza,2023-11-22,4.2,20.6,25.087,35.075
rio_claro,2023-11-22,2.9,11.429,19.799,51.019
la_esperanza,2023-11-23,5.2,24.55,26.455,28.653
rio_claro,2023-11-23,4.4,12.812,21.885,50.886
la_esperanza,2023-11-24,5.9,36.414,31.603,21.526
rio_claro,2023-11-24,5,19.971,25.793,39.674
la_esperanza,2023-11-25,4.9,15.175,24.36,49.893
rio_claro,2023-11-25,5.4,18.25,25.868,45.123
la_esperanza,2023-11-26,4.3,18.275,26.695,47.64
rio_claro,2023-11-26,4.9,10.15,23.159,63.945
la_esperanza,2023-11-27,4.6,15.086,25.107,52.534
rio_claro,2023-11-27,5.2,14.133,25.822,57.327
la_esperanza,2023-11-28,1.3,3.025,17.038,84.041
rio_claro,2023-11-28,2.5,4.186,17.757,79.007
la_esperanza,2023-11-29,3.5,16.987,24.064,43.246
rio_claro,2023-11-29,2.7,9.243,19.501,59.036
la_esperanza,2023-11-30,5.6,28.638,28.573,26.509
rio_claro,2023-11-30,5.1,17.7,24.276,41.484
la_esperanza,2023-12-01,5.7,17.686,24.799,43.34
rio_claro,2023-12-01,5.3,24.071,26.741,31.281
la_esperanza,2023-12-02,3.3,12.363,21.999,53.066
rio_claro,2023-12-02,2,4.7,16.6,74.97
la_esperanza,2023-12-03,4.8,19.4,24.996,38.531
rio_claro,2023-12-03,3.2,12.286,20.72,49.519
la_esperanza,2023-12-04,5.9,28.038,27.587,23.827
rio_claro,2023-12-04,4.9,16.438,22.525,39.606
la_esperanza,2023-12-05,6,26.125,27.978,30.671
rio_claro,2023-12-05,5.3,27.3,27.256,24.439
la_esperanza,2023-12-06,4.9,20.075,24.291,33.6
rio_claro,2023-12-06,4.2,16.038,21.765,38.265
la_esperanza,2023-12-07,5.5,32.588,29.924,22.76
rio_claro,2023-12-07,5.3,27.786,26.276,18.426
la_esperanza,2023-12-08,5.9,44.2,33.82,15.934
rio_claro,2023-12-08,5.8,36.783,30.515,15.638
la_esperanza,2023-12-09,5.6,25.925,28.609,33.768
rio_claro,2023-12-09,5.5,25.55,27.5,30.257
la_esperanza,2023-12-10,5.7,36.138,30.979,19.275
rio_claro,2023-12-10,5.5,24.05,26.917,32.1
la_esperanza,2023-12-11,6.9,21.6,26.604,37.969
rio_claro,2023-12-11,5.9,36.675,32.03,22.97
la_esperanza,2023-12-12,4.4,21.25,26.618,38.877
rio_claro,2023-12-12,4.6,15.114,24.134,49.619
la_esperanza,2023-12-13,5.8,32.713,30.774,26.044
rio_claro,2023-12-13,5.4,23.85,26.6,31.352
la_esperanza,2023-12-14,5.9,40.6,32.854,18.501
rio_claro,2023-12-14,5.5,26.487,28.4,31.369
la_esperanza,2023-12-15,5.8,18.775,25.288,41.556
rio_claro,2023-12-15,5.6,21.029,25.676,36.004
la_esperanza,2023-12-16,5.7,21.325,25.635,34.924
rio_claro,2023-12-16,5.3,23.35,26.87,33.742
la_esperanza,2023-12-17,3.8,14.387,21.325,43.024
rio_claro,2023-12-17,2.4,8.375,18.094,59.286
la_esperanza,2023-12-18,5,19.263,24.896,38.696
rio_claro,2023-12-18,5.1,14.325,21.926,45.32
la_esperanza,2023-12-19,5.8,32.225,29.879,23.356
rio_claro,2023-12-19,5.3,22.143,25.691,32.774
la_esperanza,2023-12-20,5.1,16.438,23.167,41.796
rio_claro,2023-12-20,5.1,15.35,22.66,44.005
la_esperanza,2023-12-21,5.5,32.525,30.016,23.225
rio_claro,2023-12-21,5.4,26.371,26.774,24.923
la_esperanza,2023-12-22,5.8,33.888,31.335,25.851
rio_claro,2023-12-22,5.6,29.657,28.8,24.843
la_esperanza,2023-12-23,5.8,40.487,33.357,21.026
rio_claro,2023-12-23,5.7,29.814,29.114,25.929
la_esperanza,2023-12-24,5.4,30.625,30.251,30.327
rio_claro,2023-12-24,4.4,28.4,28.826,28.406
la_esperanza,2023-12-25,5.4,26.225,29.281,35.549
rio_claro,2023-12-25,5.6,29.267,29.142,27.378
la_esperanza,2023-12-26,6.2,45.525,35.327,20.427
rio_claro,2023-12-26,5.9,39.26,32.228,18.332
la_esperanza,2023-12-27,4.9,13.675,24.059,54.1
rio_claro,2023-12-27,5.7,19.314,26.4,43.627
la_esperanza,2023-12-28,3.3,14.15,25.049,55.24
rio_claro,2023-12-28,2.2,8.075,21.675,68.57
la_esperanza,2023-12-29,2.5,9.012,21.64,64.855
rio_claro,2023-12-29,2,5.971,19.343,73.144
la_esperanza,2023-12-30,5.7,32.125,31.309,29.577
rio_claro,2023-12-30,5.7,27.35,28.672,30.233
la_esperanza,2023-12-31,3.4,16.538,25.121,48.079
rio_claro,2023-12-31,1.9,3.817,17.415,80.59
la_esperanza,2024-01-01,5.1,26.638,28.27,30.401
rio_claro,2024-01-01,4.8,19.383,25.535,40.665
la_esperanza,2024-01-02,5.8,27.05,29.872,35.691
rio_claro,2024-01-02,5.6,25.038,28.004,33.619
la_esperanza,2024-01-03,5.8,37.8,33.056,24.986
rio_claro,2024-01-03,5.8,30.343,29.61,26.691
la_esperanza,2024-01-04,5.7,23.65,29.128,41.241
rio_claro,2024-01-04,5.8,31.357,30.049,26.164
la_esperanza,2024-01-05,4.4,12.5,24.676,59.59
rio_claro,2024-01-05,5.7,22.05,27.778,40.707
la_esperanza,2024-01-06,1.5,3.987,19.205,81.738
rio_claro,2024-01-06,4.6,8.333,22.372,69.035
la_esperanza,2024-01-07,4.6,21.138,28.12,44.231
rio_claro,2024-01-07,4.6,20.567,26.46,40.288
la_esperanza,2024-01-08,5.5,31.275,30.603,28.67
rio_claro,2024-01-08,5.5,27.117,27.527,26.072
la_esperanza,2024-01-09,5.6,34.487,30.872,22.576
rio_claro,2024-01-09,5.4,26,27.692,29.858
la_esperanza,2024-01-10,5.4,35.5,31.401,22.622
rio_claro,2024-01-10,5.5,28.1,28.233,26.498
la_esperanza,2024-01-11,5.4,35.65,31.526,22.882
rio_claro,2024-01-11,5.6,29.1,28.558,25.245
la_esperanza,2024-01-12,5.4,34.737,31.359,24.173
rio_claro,2024-01-12,5.4,30.78,29.058,23.264
la_esperanza,2024-01-13,5,24.862,28.524,36.173
rio_claro,2024-01-13,5.1,28.95,28.066,23.551
la_esperanza,2024-01-14,5,29,28,24
rio_claro,2024-01-14,5.4,26.8,26.709,23.375
la_esperanza,2024-01-15,5.6,32.912,30.134,22.998
rio_claro,2024-01-15,0,26.388,26.945,25.808
la_esperanza,2024-01-16,5.3,27.15,29.116,32.873
rio_claro,2024-01-16,5.5,18.1,25.045,43.114
la_esperanza,2024-01-17,5.4,26.612,29.616,35.674
rio_claro,2024-01-17,5.4,25.438,28.294,33.746
la_esperanza,2024-01-18,5.4,25.812,29.146,36.039
rio_claro,2024-01-18,5.1,15.9,24.868,49.278
la_esperanza,2024-01-19,5.7,28.962,29.77,30.957
rio_claro,2024-01-19,5.2,23.538,27.382,35.553
la_esperanza,2024-01-20,5.5,20.337,27.002,42.969
rio_claro,2024-01-20,0,25.663,28.441,33.75
la_esperanza,2024-01-21,5.5,29.013,30.289,32.554
rio_claro,2024-01-21,5.5,33.1,30.768,25.252
la_esperanza,2024-01-22,5.5,20.438,28.614,48.019
rio_claro,2024-01-22,0,28.737,30.569,34.396
la_esperanza,2024-01-23,5.5,27.875,31.155,38.46
rio_claro,2024-01-23,5.8,36.3,33.391,29.271
la_esperanza,2024-01-24,5.7,23.962,30.118,44.072
rio_claro,2024-01-24,5.5,25.25,29.557,38.895
la_esperanza,2024-01-25,4.4,8.5,22.74,69.031
rio_claro,2024-01-25,5.3,26.525,29.489,35.514
la_esperanza,2024-01-26,3.2,4.838,20.06,79.46
rio_claro,2024-01-26,4.8,5.537,20.254,76.66
la_esperanza,2024-01-27,5.2,19.287,29.21,52.626
rio_claro,2024-01-27,5,17.163,27.697,53.881
la_esperanza,2024-01-28,4.3,10.887,24.485,64.655
rio_claro,2024-01-28,5.3,20.175,27.65,45.514
la_esperanza,2024-01-29,5.4,22.512,29.859,46.92
rio_claro,2024-01-29,5.3,22.612,28.871,43.155
la_esperanza,2024-01-30,5.3,33.913,32.466,31.131
rio_claro,2024-01-30,5.3,25.938,29.264,36.202
la_esperanza,2024-01-31,5.3,40.837,34.142,24.319
rio_claro,2024-01-31,0,27.1,29.581,34.456
la_esperanza,2024-02-01,5.6,36.525,32.519,25.605
rio_claro,2024-02-01,5,30.675,29.76,26.608
la_esperanza,2024-02-02,5.4,34.325,32.89,31.51
rio_claro,2024-02-02,5.3,22.775,27.997,39.784
la_esperanza,2024-02-03,5.2,34.95,32.154,27.289
rio_claro,2024-02-03,5,18.062,26.614,48.084
la_esperanza,2024-02-04,4.6,13.175,24.589,57.189
rio_claro,2024-02-04,5,27.9,29.495,32.146
la_esperanza,2024-02-05,4.9,18.962,27.705,49.411
rio_claro,2024-02-05,5.1,17.088,26.49,50.66
la_esperanza,2024-02-06,5.2,24.262,29.169,40.172
rio_claro,2024-02-06,5.5,26.4,28.709,33.066
la_esperanza,2024-02-07,5.1,29.588,32.288,38.852
rio_claro,2024-02-07,5.3,21.575,28.199,43.412
la_esperanza,2024-02-08,5.4,27.275,30.922,39.025
rio_claro,2024-02-08,0,27.125,29.625,34.452
la_esperanza,2024-02-09,5,21.938,27.455,40.685
rio_claro,2024-02-09,5,26.325,27.267,27.156
la_esperanza,2024-02-10,4.2,18.038,26.076,47.776
rio_claro,2024-02-10,0,22.738,27.475,37.888
la_esperanza,2024-02-11,5,16.85,25.552,48.6
rio_claro,2024-02-11,5.1,18.962,26.013,43.614
la_esperanza,2024-02-12,4.9,28.8,30.522,34.301
rio_claro,2024-02-12,5,18.025,26.087,46.68
la_esperanza,2024-02-13,4.6,14.538,25.334,54.964
rio_claro,2024-02-13,5.1,31.062,30.137,27.348
la_esperanza,2024-02-14,3.5,8.188,22.259,69.545
rio_claro,2024-02-14,0,12.675,24.189,58.094
la_esperanza,2024-02-15,3.7,7.1,21.913,73.156
rio_claro,2024-02-15,5.1,17.388,27.841,53.415
la_esperanza,2024-02-16,3.7,16.987,27.316,53.037
rio_claro,2024-02-16,5.1,21.714,29.363,46.713
la_esperanza,2024-02-17,5.2,26.438,29.191,34.685
rio_claro,2024-02-17,4.6,12.912,24.338,57.499
la_esperanza,2024-02-18,5.7,29.488,30.632,33.191
rio_claro,2024-02-18,4.9,26.075,28.911,34.584
la_esperanza,2024-02-19,2.5,4.387,19.315,80.094
rio_claro,2024-02-19,4.2,10.2,22.62,62.702
la_esperanza,2024-02-20,4.4,11.212,24.054,62.638
rio_claro,2024-02-20,4.1,12.375,24.706,60.064
la_esperanza,2024-02-21,4.5,13.238,24.759,57.668
rio_claro,2024-02-21,3.2,9.725,22.788,64.791
la_esperanza,2024-02-22,2.3,1.2,17.271,93.491
rio_claro,2024-02-22,1.6,0,14.172,99.982
la_esperanza,2024-02-23,2.3,9.9,21.979,63.057
rio_claro,2024-02-23,1.6,2.9,17.209,86.129
la_esperanza,2024-02-24,5,22.513,28.223,41.331
rio_claro,2024-02-24,4.7,19.15,26.262,43.925
la_esperanza,2024-02-25,5.1,23.8,28.839,40.365
rio_claro,2024-02-25,4.7,23.237,27.686,37.331
la_esperanza,2024-02-26,4.7,18.837,26.699,46.835
rio_claro,2024-02-26,4.6,20.8,26.042,38.185
la_esperanza,2024-02-27,4.7,27.712,29.099,31.346
rio_claro,2024-02-27,4.5,24.875,27.068,30.771
la_esperanza,2024-02-28,4.6,27.95,29.509,32.449
rio_claro,2024-02-28,4.5,20.9,25.919,37.39
la_esperanza,2024-02-29,4.6,40.475,33.15,20.066
rio_claro,2024-02-29,4.5,28.071,28.63,28.23
la_esperanza,2024-03-01,3.4,16.387,24.384,45.95
rio_claro,2024-03-01,3.4,18.025,24.51,41.189
la_esperanza,2024-03-02,4.3,25.7,27.765,31.197
rio_claro,2024-03-02,4.1,18.188,23.965,38.943
la_esperanza,2024-03-03,4.4,24.012,27.289,33.936
rio_claro,2024-03-03,4.2,21.9,25.755,33.82
la_esperanza,2024-03-04,4.5,25.8,28.446,33.796
rio_claro,2024-03-04,4.2,24.688,26.742,29.828
la_esperanza,2024-03-05,4.5,20.712,26.685,41.151
rio_claro,2024-03-05,4.3,25.675,27.244,28.805
la_esperanza,2024-03-06,4.5,21.05,26.099,38.178
rio_claro,2024-03-06,4.1,20.837,25.273,35.123
la_esperanza,2024-03-07,4.1,17.3,23.965,42.93
rio_claro,2024-03-07,3.8,19.825,25.178,37.941
la_esperanza,2024-03-08,4.1,21.1,24.278,30.541
rio_claro,2024-03-08,3.8,18.363,22.361,32.225
la_esperanza,2024-03-09,4.3,19.525,26.368,43.476
rio_claro,2024-03-09,3.7,11.325,21.589,56.334
la_esperanza,2024-03-10,4.2,22.262,26.974,37.716
rio_claro,2024-03-10,3.7,22.15,25.822,33.211
la_esperanza,2024-03-11,4.1,18.425,24.48,40.145
rio_claro,2024-03-11,0,17.6,24.233,41.645
la_esperanza,2024-03-12,4,20.512,25.296,36.371
rio_claro,2024-03-12,3.7,16.537,22.795,40.403
la_esperanza,2024-03-13,4.1,16.663,25.666,49.681
rio_claro,2024-03-13,0,11.562,22.255,56.865
la_esperanza,2024-03-14,4,22.1,25.885,33.839
rio_claro,2024-03-14,0,13.462,21.59,47.819
la_esperanza,2024-03-15,3.8,21.013,25.609,36.127
rio_claro,2024-03-15,3.4,16.163,21.985,38.665
la_esperanza,2024-03-16,3.6,22.337,25.439,31.391
rio_claro,2024-03-16,3.3,13.875,20.816,43.524
la_esperanza,2024-03-17,3.7,24.337,26.81,31.042
rio_claro,2024-03-17,3.3,17.725,22.774,35.986
la_esperanza,2024-03-18,3.3,21.425,25.392,34.435
rio_claro,2024-03-18,2.9,19.1,23.406,33.87
la_esperanza,2024-03-19,3.8,19.212,25.409,41.214
rio_claro,2024-03-19,3.5,24.587,25.815,26.021
la_esperanza,2024-03-20,1.5,5.237,18.041,74.33
rio_claro,2024-03-20,1.2,4.388,15.722,75.055
la_esperanza,2024-03-21,3.6,24.375,27.635,34.169
rio_claro,2024-03-21,3,18.15,24.098,39.447
la_esperanza,2024-03-22,3.8,25.587,29.534,38.261
rio_claro,2024-03-22,3.3,25.3,28.146,33.449
la_esperanza,2024-03-23,3.6,24.762,28.542,36.751
rio_claro,2024-03-23,3.2,18.188,25.204,43.413
la_esperanza,2024-03-24,3.6,21.538,28.178,43.766
rio_claro,2024-03-24,3.1,14.562,24.254,52.209
la_esperanza,2024-03-25,3.6,19.413,27.06,45.766
rio_claro,2024-03-25,3.3,18.85,26.089,44.053
la_esperanza,2024-03-26,3.1,14.962,25.524,55.118
rio_claro,2024-03-26,3,12.975,24.209,56.965
la_esperanza,2024-03-27,3.5,21.412,28.69,45.566
rio_claro,2024-03-27,3.1,12.338,24.582,59.896
la_esperanza,2024-03-28,3.4,18.712,27.458,49.016
rio_claro,2024-03-28,0,17.575,25.841,47.744
la_esperanza,2024-03-29,3.1,17,26.524,51.311
rio_claro,2024-03-29,3,19,26.406,44.929
la_esperanza,2024-03-30,3.3,19.337,27.036,46.014
rio_claro,2024-03-30,2.8,12.413,22.451,54.315
la_esperanza,2024-03-31,2.7,18.55,23.524,36.829
rio_claro,2024-03-31,1.5,13,19.837,43.672
la_esperanza,2024-04-01,2.6,17.375,22.055,34.374
rio_claro,2024-04-01,2.1,10.2,18.201,50.784
la_esperanza,2024-04-02,2.6,22.625,24.744,27.185
rio_claro,2024-04-02,2.1,15.817,21.32,37.405
la_esperanza,2024-04-03,1.4,15.262,20.933,38.299
rio_claro,2024-04-03,1.3,15.012,20.159,36.18
la_esperanza,2024-04-04,2.1,8.738,22.226,67.114
rio_claro,2024-04-04,2.2,6.875,18.663,68.096
la_esperanza,2024-04-05,2.8,22.725,26.316,33.379
rio_claro,2024-04-05,2.2,10.488,20.788,56.959
la_esperanza,2024-04-06,2.8,26.85,27.78,27.865
rio_claro,2024-04-06,2.5,17.957,23.92,39.317
la_esperanza,2024-04-07,2.5,20.788,25.622,36.524
rio_claro,2024-04-07,2.4,16.087,22.865,42.037
la_esperanza,2024-04-08,2.6,18.525,24.66,45.191
rio_claro,2024-04-08,2.4,15.833,21.897,40.135
la_esperanza,2024-04-09,2.5,16.362,24.04,47.429
rio_claro,2024-04-09,2.3,13.837,21.247,45.625
la_esperanza,2024-04-10,2.5,14.137,23.924,54.092
rio_claro,2024-04-10,2.2,11.575,20.093,51.599
la_esperanza,2024-04-11,2.5,19.425,23.93,36.421
rio_claro,2024-04-11,1.7,12.825,19.87,44.746
la_esperanza,2024-04-12,1.9,9.45,18.686,56.615
rio_claro,2024-04-12,1.4,8.329,16.974,56.97
la_esperanza,2024-04-13,1.3,6.238,17.718,69.272
la_esperanza,2024-04-14,1.9,10.038,19.166,55.66
rio_claro,2024-04-14,1.9,11.975,20.291,49.49
la_esperanza,2024-04-15,2.2,12.475,20.483,49.042
rio_claro,2024-04-15,1.9,11.633,19.087,47.527
la_esperanza,2024-04-16,1.8,8.2,18.471,62.63
rio_claro,2024-04-16,0,15.287,21.055,38.52
la_esperanza,2024-04-17,2.1,12.637,20.535,52.364
la_esperanza,2024-04-18,2.4,16.275,22.788,46.489
rio_claro,2024-04-18,0,24.387,26.183,27.962
la_esperanza,2024-04-19,2.3,18.975,24.781,40.375
rio_claro,2024-04-19,2,16,21,37
la_esperanza,2024-04-20,1.3,2.588,17.597,87.088
la_esperanza,2024-04-21,1,1.612,14.972,90.385
la_esperanza,2024-04-22,1,3,16,80
la_esperanza,2024-04-23,0.9,2.05,16.663,89.061
rio_claro,2024-04-23,0.8,0.587,13.724,95.683
la_esperanza,2024-04-24,1.8,8.975,18.115,61.466
la_esperanza,2024-04-25,1.8,10.837,17.211,47.632
la_esperanza,2024-04-26,1.8,11.688,19.679,49.895
la_esperanza,2024-04-27,1.7,11.062,18.585,50.478
la_esperanza,2024-04-28,1.6,8.163,14.846,55.765
rio_claro,2024-04-28,1.2,5.812,13.058,61.058
la_esperanza,2024-04-29,1.2,6.2,13.941,64.624
rio_claro,2024-04-29,1.2,7.2,13.184,53.194
la_esperanza,2024-04-30,2,8.188,16.361,56.04
la_esperanza,2024-05-01,0.7,1.513,12.477,NA
la_esperanza,2024-05-02,1,5.062,13.154,NA
rio_claro,2024-05-02,0,2.287,8.775,NA
la_esperanza,2024-05-03,1.2,7.775,15.71,NA
la_esperanza,2024-05-04,1.6,14.312,19.964,NA
la_esperanza,2024-05-05,1,4.737,16.298,NA
la_esperanza,2024-05-06,1.5,10.613,17.517,NA
la_esperanza,2024-05-07,0.5,0,8.295,NA
la_esperanza,2024-05-08,1.3,8.663,15.098,NA
la_esperanza,2024-05-09,1.1,7.513,15.293,NA
rio_claro,2024-05-09,1.3,3.675,10.92,NA
la_esperanza,2024-05-10,0.8,4.588,13.299,NA
rio_claro,2024-05-10,0.8,4.388,11.469,NA
la_esperanza,2024-05-11,1,5.738,14.933,NA
la_esperanza,2024-05-12,1,8.038,15.159,NA
rio_claro,2024-05-12,1,3.212,11.108,NA
la_esperanza,2024-05-13,0.9,5.175,13.401,NA
rio_claro,2024-05-13,0.9,7.562,12.311,NA
la_esperanza,2024-05-14,1,8.075,14.918,NA
rio_claro,2024-05-14,0.9,10.863,13.976,NA
la_esperanza,2024-05-15,0.8,5.988,12.778,NA
rio_claro,2024-05-15,0.8,4.588,9.425,NA
la_esperanza,2024-05-16,1.1,10.688,16.011,NA
la_esperanza,2024-05-17,0.9,9.675,15.821,NA
rio_claro,2024-05-17,1.4,8.925,13.55,NA
la_esperanza,2024-05-18,1,9.925,16.091,NA
rio_claro,2024-05-18,1.2,8.85,13.38,NA
la_esperanza,2024-05-19,0.8,7.6,14.645,NA
la_esperanza,2024-05-20,0.5,0,9.84,NA
la_esperanza,2024-05-21,0.8,3.225,14.205,NA
la_esperanza,2024-05-22,0.5,0,10.001,NA
la_esperanza,2024-05-23,0.8,5.712,14.515,NA
la_esperanza,2024-05-24,0.7,3.275,12.019,NA
rio_claro,2024-05-24,0,2.487,10.012,NA
la_esperanza,2024-05-25,0.9,4.625,14.784,NA
la_esperanza,2024-05-26,0.7,1.95,14.418,NA
la_esperanza,2024-05-27,0.6,2.775,13.544,NA
la_esperanza,2024-05-28,0.7,5.5,15.188,NA
rio_claro,2024-05-28,0,10.575,16.06,NA
la_esperanza,2024-05-29,0.7,4.838,16.04,NA
la_esperanza,2024-05-30,0.8,6.825,17.788,NA
la_esperanza,2024-05-31,0,0.2,11.977,NA
rio_claro,2024-05-31,0,5.713,14.387,NA
la_esperanza,2024-10-01,2,6.262,15.874,64.874
rio_claro,2024-10-01,1,0.625,11.336,95.41
la_esperanza,2024-10-02,2.9,15.3,20.059,34.47
rio_claro,2024-10-02,2,9,16,49
la_esperanza,2024-10-03,3.4,17.513,20.688,27.999
rio_claro,2024-10-03,2.4,9.113,15.765,48.756
la_esperanza,2024-10-04,3.6,24.925,25.448,23.161
rio_claro,2024-10-04,3.1,17.85,22.18,33.104
la_esperanza,2024-10-05,4.1,23.95,26.497,30.667
rio_claro,2024-10-05,3.3,18.862,23.085,33.092
la_esperanza,2024-10-06,4,24.237,27.688,34.539
rio_claro,2024-10-06,3.8,19.688,24.532,35.995
la_esperanza,2024-10-07,2.3,5.325,18.136,74.085
rio_claro,2024-10-07,2.3,13.975,21.032,43.719
la_esperanza,2024-10-08,3.5,11.275,22.319,57.998
rio_claro,2024-10-08,2.3,8.938,21.927,66.075
la_esperanza,2024-10-09,1.1,2.138,15.914,87.691
rio_claro,2024-10-09,1.5,0.412,15.451,97.544
la_esperanza,2024-10-25,4.8,22.362,26.417,34.851
rio_claro,2024-10-25,4.2,15.363,22.233,42.494
la_esperanza,2024-10-26,4.8,20.237,24.206,32.716
rio_claro,2024-10-26,3.4,12.762,20.424,46.695
la_esperanza,2024-10-27,5.5,28.85,29.229,28.798
rio_claro,2024-10-27,4.5,23.688,26.601,31.795
la_esperanza,2024-10-28,4.7,27.938,29.644,32.59
rio_claro,2024-10-28,4.8,21.337,26.69,38.855
la_esperanza,2024-10-29,5.6,25.675,29.795,40.305
rio_claro,2024-10-29,5,33.775,30.065,20.615
la_esperanza,2024-10-30,1.6,3.075,17.746,84.541
rio_claro,2024-10-30,4.5,7.625,21.57,70.183
la_esperanza,2024-10-31,3.2,12.775,23.939,56.975
rio_claro,2024-10-31,4,8.562,22.301,68.039
la_esperanza,2024-11-01,4.2,15.712,24.534,49.414
rio_claro,2024-11-01,4.7,16,24.651,48.264
la_esperanza,2024-11-02,2.6,11.15,20.091,52.333
rio_claro,2024-11-02,1.9,2.737,15.034,84.092
la_esperanza,2024-11-03,4.8,25.05,26.702,28.246
rio_claro,2024-11-03,4.8,20.1,23.411,30.032
la_esperanza,2024-11-04,2.5,8.913,17.913,56.451
rio_claro,2024-11-04,2,5.325,16.961,72.302
la_esperanza,2024-11-05,4.9,23.438,25.341,27.204
rio_claro,2024-11-05,4.7,18.288,21.684,29.241
la_esperanza,2024-11-06,5.3,30.212,28.109,20.4
rio_claro,2024-11-06,4.8,21.6,23.722,26.233
la_esperanza,2024-11-07,5.1,30.788,28.711,21.639
rio_claro,2024-11-07,4.5,21.812,24.299,28.13
la_esperanza,2024-11-08,3.8,24.225,27.026,31.995
rio_claro,2024-11-08,3.5,17.875,23.251,37.322
la_esperanza,2024-11-09,5.3,34.812,31.07,22.655
rio_claro,2024-11-09,4.8,28.312,27.551,22.978
la_esperanza,2024-11-10,4.5,23.05,27.19,36.304
rio_claro,2024-11-10,3.7,16.288,23.824,44.674
la_esperanza,2024-11-11,3.9,15.95,23.028,43.07
rio_claro,2024-11-11,2.2,9.137,18.54,57.071
la_esperanza,2024-11-12,5.4,25.9,26.562,25.192
rio_claro,2024-11-12,4.6,19.188,22.942,31.364
la_esperanza,2024-11-13,5.9,33.787,30.14,20.872
rio_claro,2024-11-13,5.1,19.938,25.142,37.507
la_esperanza,2024-11-14,5.6,16.237,24.296,46.63
rio_claro,2024-11-14,4.9,22.6,27.216,37.278
la_esperanza,2024-11-15,4.4,14.188,23.755,51.57
rio_claro,2024-11-15,4.9,15.525,24.675,49.923
la_esperanza,2024-11-16,2.8,9.337,22.036,64.673
rio_claro,2024-11-16,1.7,1.7,15.851,90.301
la_esperanza,2024-11-17,2.6,9.438,20.464,60.804
rio_claro,2024-11-17,1.3,2.075,14.198,87
la_esperanza,2024-11-18,5.2,25.987,26.688,25.594
rio_claro,2024-11-18,4.7,20.8,23.135,26.449
la_esperanza,2024-11-19,5.2,24.737,26.944,30.263
rio_claro,2024-11-19,4.8,23.425,25.421,27.759
la_esperanza,2024-11-20,4.8,24.562,25.816,25.904
rio_claro,2024-11-20,5,19.413,23.381,32.329
la_esperanza,2024-11-21,4.7,27.775,28.032,26.509
rio_claro,2024-11-21,4.2,23.638,25.059,25.552
la_esperanza,2024-11-22,5.5,25.075,27.817,32.834
rio_claro,2024-11-22,5.3,26.763,27.604,27.434
la_esperanza,2024-11-23,5.6,32.325,29.161,19.897
rio_claro,2024-11-23,5,20.75,25.222,35.232
la_esperanza,2024-11-24,6,31.125,30.438,28.574
rio_claro,2024-11-24,5.2,27.487,27.475,24.879
la_esperanza,2024-11-25,5.6,31.8,30.05,25.081
rio_claro,2024-11-25,5,22.763,25.78,31.225
la_esperanza,2024-11-26,5.6,27.612,27.559,24.869
rio_claro,2024-11-26,5.2,22.612,25.665,31.259
la_esperanza,2024-11-27,5.4,23.812,26.455,30.846
rio_claro,2024-11-27,5,20,24.399,34.369
la_esperanza,2024-11-28,5.3,22.638,25.416,30.237
rio_claro,2024-11-28,3.6,18.788,23.368,34.415
la_esperanza,2024-11-29,5.2,28.087,27.424,22.996
rio_claro,2024-11-29,5,20.388,23.915,31.202
la_esperanza,2024-11-30,5.7,34.35,29.931,18.519
rio_claro,2024-11-30,5.2,26.763,27.281,26.048
la_esperanza,2024-12-01,5.7,24.712,27.073,30.891
rio_claro,2024-12-01,5.3,25.812,26.499,25.267
la_esperanza,2024-12-02,5.6,21.288,24.746,31.465
rio_claro,2024-12-02,4.4,18.65,22.465,31.243
la_esperanza,2024-12-03,5.5,31.038,28.249,18.901
rio_claro,2024-12-03,5,24,24.57,22.085
la_esperanza,2024-12-04,5.4,21.175,26.326,38.115
rio_claro,2024-12-04,5.3,24.75,26.195,27.13
la_esperanza,2024-12-05,4.9,19.625,24.931,37.673
rio_claro,2024-12-05,5,16.737,23.757,42.965
la_esperanza,2024-12-06,3.9,18.025,22.861,35.169
rio_claro,2024-12-06,2.1,9.988,18.386,52.834
la_esperanza,2024-12-07,4.8,24.587,26.159,27.341
rio_claro,2024-12-07,4.6,18.763,22.316,30.235
la_esperanza,2024-12-08,4.7,27.888,27.439,23.604
rio_claro,2024-12-08,3.7,20.288,23.775,30.95
la_esperanza,2024-12-09,5.4,23.962,25.985,28.415
rio_claro,2024-12-09,5,21.462,24.138,28.496
la_esperanza,2024-12-10,5.6,36.6,31.164,19.15
rio_claro,2024-12-10,5.4,30.125,28.03,20.302
la_esperanza,2024-12-11,5.8,34.275,30.839,22.839
rio_claro,2024-12-11,5.6,32.838,28.914,17.562
la_esperanza,2024-12-12,5.9,39.763,32.455,18.369
rio_claro,2024-12-12,5.5,31.175,28.97,21.875
la_esperanza,2024-12-13,5.8,23.837,27.286,34.065
rio_claro,2024-12-13,5.3,23.188,26.319,32.191
la_esperanza,2024-12-14,6.2,37.088,31.836,21.119
rio_claro,2024-12-14,5.4,30.288,28.091,20.177
la_esperanza,2024-12-15,6.4,37,32.379,23.805
rio_claro,2024-12-15,5.8,34.186,30.146,20.003
la_esperanza,2024-12-16,5.7,23.938,27.029,32.755
rio_claro,2024-12-16,5.5,25.312,27.689,31.647
la_esperanza,2024-12-17,5.6,25.013,28.429,35.281
rio_claro,2024-12-17,5.4,22.638,27.278,37.446
la_esperanza,2024-12-18,4.9,22.425,27.225,37.924
rio_claro,2024-12-18,4,16.175,23.93,45.485
la_esperanza,2024-12-19,5.9,32.487,30.719,26.384
rio_claro,2024-12-19,5.4,23.788,26.455,31.054
la_esperanza,2024-12-20,6.5,40.362,32.486,17.266
rio_claro,2024-12-20,5.6,27.138,27.671,26.666
la_esperanza,2024-12-21,6.1,38.787,31.469,15.748
rio_claro,2024-12-21,5.1,25.325,25.817,23.801
la_esperanza,2024-12-22,6.3,38.513,33.467,25.231
rio_claro,2024-12-22,5.7,28.888,29.544,30.013
la_esperanza,2024-12-23,6.6,45.175,35.895,23.462
rio_claro,2024-12-23,5.9,36.938,32.365,23.753
la_esperanza,2024-12-24,6.3,31.038,31.767,33.769
rio_claro,2024-12-24,5.8,31.112,29.309,23.571
la_esperanza,2024-12-25,6.4,25.4,28.95,36.373
rio_claro,2024-12-25,5.9,37.062,31.181,18.3
la_esperanza,2024-12-26,5.5,19.275,26.324,43.535
rio_claro,2024-12-26,5.8,26.862,29.183,33.495
la_esperanza,2024-12-27,3.3,8.75,21.815,66.236
rio_claro,2024-12-27,5.1,15.413,24.407,49.446
la_esperanza,2024-12-28,5.4,18.55,26.705,46.884
rio_claro,2024-12-28,5.4,20.138,27.621,45.373
la_esperanza,2024-12-29,6.1,25.25,29.823,39.744
rio_claro,2024-12-29,5.6,22.638,28.907,43.08
la_esperanza,2024-12-30,6,32.912,32.18,31.444
rio_claro,2024-12-30,4.9,27.35,28.635,30.789
la_esperanza,2024-12-31,6,36,32,23
rio_claro,2024-12-31,5.7,31.071,29.761,25.661
la_esperanza,2025-01-01,6.3,33.45,32.361,30.925
rio_claro,2025-01-01,5.7,26.625,28.801,32.607
la_esperanza,2025-01-02,6.4,35.425,31.836,24.861
rio_claro,2025-01-02,5.7,34.188,30.276,20.646
la_esperanza,2025-01-03,6.4,33.825,31.456,26.461
rio_claro,2025-01-03,5.9,38.525,31.507,16.544
la_esperanza,2025-01-04,6.2,23.025,27.891,38.549
rio_claro,2025-01-04,6.1,35.625,31.673,23.562
la_esperanza,2025-01-05,5.7,27,30.086,36.595
rio_claro,2025-01-05,5.7,25.337,29.006,36.667
la_esperanza,2025-01-06,6.2,34.537,33.086,31.614
rio_claro,2025-01-06,5.7,33.263,31.475,27.891
la_esperanza,2025-01-07,5.5,24.337,29.405,40.388
rio_claro,2025-01-07,5.9,24.837,29.371,39.21
la_esperanza,2025-01-08,4.8,19.562,26.819,44.334
rio_claro,2025-01-08,5.4,18.288,26.087,45.779
la_esperanza,2025-01-09,6.1,30.25,31.041,32.722
rio_claro,2025-01-09,5.6,27,28.853,31.98
la_esperanza,2025-01-10,6.4,41.825,34.217,22.234
rio_claro,2025-01-10,5.7,32.513,30.301,24.625
la_esperanza,2025-01-11,6.4,40.013,34.028,24.845
rio_claro,2025-01-11,5.9,36.15,31.459,21.496
la_esperanza,2025-01-12,6.2,49.25,35.559,14.929
rio_claro,2025-01-12,5.9,37.375,31.39,18.583
la_esperanza,2025-01-13,5.5,12.363,24.645,59.891
rio_claro,2025-01-13,5.8,25.729,29.04,35.851
la_esperanza,2025-01-14,5.5,24.938,29.62,39.811
rio_claro,2025-01-14,5.4,22.6,28.066,40.374
la_esperanza,2025-01-15,6.3,39.625,32.425,18.59
rio_claro,2025-01-15,5.7,27.75,29.856,33.99
la_esperanza,2025-01-16,6.2,33.95,32.993,32.606
rio_claro,2025-01-16,5.7,32.338,30.657,26.54
la_esperanza,2025-01-17,6.6,34.05,32.393,29.779
rio_claro,2025-01-17,5.8,29.175,30.856,34.43
la_esperanza,2025-01-18,6.1,34.412,31.781,26.608
rio_claro,2025-01-18,5.5,32.525,30.044,23.489
la_esperanza,2025-01-19,6,29.15,29.276,28.219
rio_claro,2025-01-19,5.5,28.7,28.479,26.059
la_esperanza,2025-01-20,6.2,45.175,34.71,18.254
rio_claro,2025-01-20,5.8,39.025,31.89,17.34
la_esperanza,2025-01-21,6.1,30.388,30.869,31.948
rio_claro,2025-01-21,5.9,37.112,31.35,18.86
la_esperanza,2025-01-22,6.1,25.25,29.775,39.658
rio_claro,2025-01-22,5.5,31.075,29.586,24.886
la_esperanza,2025-01-23,5.9,22.763,28.351,40.806
rio_claro,2025-01-23,5.3,22.6,28.16,40.675
la_esperanza,2025-01-24,5.8,35.125,31.302,23.003
rio_claro,2025-01-24,5.3,27.413,27.981,27.361
la_esperanza,2025-01-25,6.1,37.7,33.123,25.379
rio_claro,2025-01-25,5.3,26.638,29.034,33.572
la_esperanza,2025-01-26,6.2,39.2,33.682,24.939
rio_claro,2025-01-26,5.4,36.7,31.897,22.32
la_esperanza,2025-01-27,6.1,33.162,31.868,29.548
rio_claro,2025-01-27,5.6,34.487,31.103,23.56
la_esperanza,2025-01-28,6,40.6,33.572,21.696
rio_claro,2025-01-28,5.3,29.487,29.414,28.08
la_esperanza,2025-01-29,6.2,44.562,34.841,19.958
rio_claro,2025-01-29,5.4,36.95,31.952,21.964
la_esperanza,2025-01-30,6,20.862,27.173,42.015
rio_claro,2025-01-30,5.7,38.1,32.562,22.324
la_esperanza,2025-01-31,5.2,22.438,27.55,38.857
rio_claro,2025-01-31,5.4,29.15,30.353,32.541
la_esperanza,2025-02-01,5.7,41.55,33.667,20.245
rio_claro,2025-02-01,5.2,29.575,29.296,27.416
la_esperanza,2025-02-02,6.1,33.825,32.689,31.506
rio_claro,2025-02-02,5.4,34.7,31.673,25.547
la_esperanza,2025-02-03,5.5,33.225,30.935,25.655
rio_claro,2025-02-03,4.8,25.875,27.667,30.056
la_esperanza,2025-02-04,5.4,38.287,32.621,22.096
rio_claro,2025-02-04,4.9,31.312,28.976,21.615
la_esperanza,2025-02-05,5.7,42.725,33.684,18.13
rio_claro,2025-02-05,4.7,33.675,29.76,19.37
la_esperanza,2025-02-06,5.7,41.55,33.822,20.97
rio_claro,2025-02-06,5.1,35.263,30.639,19.868
la_esperanza,2025-02-07,5.9,45.925,35.136,18.851
rio_claro,2025-02-07,5,33.138,30.561,24.404
la_esperanza,2025-02-08,5.5,22,28.046,41.791
rio_claro,2025-02-08,5.3,34.838,32.004,26.664
la_esperanza,2025-02-09,5.6,51.162,36.89,17.847
rio_claro,2025-02-09,5.1,32.513,31.774,30.646
la_esperanza,2025-02-10,5.4,15.663,26.084,53.454
rio_claro,2025-02-10,5,28.138,30.122,34.18
la_esperanza,2025-02-11,5.4,23.15,29.139,42.691
rio_claro,2025-02-11,4.8,25.7,29.33,37.039
la_esperanza,2025-02-12,5.3,39.85,32.09,16.468
rio_claro,2025-02-12,4.7,29.925,28.442,22.691
la_esperanza,2025-02-13,5.2,40.588,32.184,15.4
rio_claro,2025-02-13,4.6,32.463,29.21,19.821
la_esperanza,2025-02-14,5.3,43.625,33.18,13.96
rio_claro,2025-02-14,4.7,34.987,30.032,17.549
la_esperanza,2025-02-15,5.4,33.925,30.334,21.53
rio_claro,2025-02-15,4.5,30.65,28.411,20.71
la_esperanza,2025-02-16,5.1,25.737,26.849,27.001
rio_claro,2025-02-16,4.5,25.214,26.277,26.049
la_esperanza,2025-02-17,5,34.425,30.835,22.513
rio_claro,2025-02-17,4.5,28,27.786,24.886
la_esperanza,2025-02-18,5.1,41.5,32.658,15.729
rio_claro,2025-02-18,4.5,32.85,29.115,18.421
la_esperanza,2025-02-19,5.5,25.425,28.282,34.154
rio_claro,2025-02-19,4.7,37.2,31.167,17.859
la_esperanza,2025-02-20,4.1,14.262,23.916,51.715
rio_claro,2025-02-20,4,16.725,24.69,46.083
la_esperanza,2025-02-21,4.9,25.087,28.712,36.106
rio_claro,2025-02-21,4.2,22.462,27.356,38.193
la_esperanza,2025-02-22,5,38.55,32.97,23.163
rio_claro,2025-02-22,4.4,31.938,30.929,28.504
la_esperanza,2025-02-23,4.5,39.862,33.908,24.645
rio_claro,2025-02-23,4.5,31.675,30.204,26.079
la_esperanza,2025-02-24,5,42.312,34.269,21.531
rio_claro,2025-02-24,4.5,34.575,30.767,21.971
la_esperanza,2025-02-25,5.1,40.838,34.374,24.649
rio_claro,2025-02-25,4.4,31.188,30.247,27.429
la_esperanza,2025-02-26,5.1,44.713,34.158,16.549
rio_claro,2025-02-26,4.4,35.275,31.249,22.487
la_esperanza,2025-02-27,5,44.15,34.404,18.676
rio_claro,2025-02-27,4.3,37.325,30.743,15.586
la_esperanza,2025-02-28,4.7,21.875,26.865,37.896
rio_claro,2025-02-28,4.5,29.462,29.291,27.603
la_esperanza,2025-03-01,4.6,25.55,28.714,34.98
rio_claro,2025-03-01,4.1,22.65,26.659,35.054
la_esperanza,2025-03-02,4.8,26,29.859,38.011
rio_claro,2025-03-02,4,22.743,27.566,38.25
la_esperanza,2025-03-03,3.4,16.675,25.552,48.885
rio_claro,2025-03-03,3.9,16.112,25.032,49.161
la_esperanza,2025-03-04,4.4,31.763,30.003,25.013
rio_claro,2025-03-04,3.9,22.375,26.319,34.607
la_esperanza,2025-03-05,4.5,33.55,30.934,24.917
rio_claro,2025-03-05,3.9,24.788,27.472,32.322
la_esperanza,2025-03-06,4.7,29.275,30.2,31.635
rio_claro,2025-03-06,3.9,26.775,28.61,31.499
la_esperanza,2025-03-07,3.4,14.163,25.02,55.104
rio_claro,2025-03-07,3.7,17.388,25.404,46.306
la_esperanza,2025-03-08,4.1,19.275,27.093,46.018
rio_claro,2025-03-08,3.7,14.988,24.536,51.355
la_esperanza,2025-03-09,4.6,30.925,29.536,24.958
rio_claro,2025-03-09,3.4,17.862,24.417,41.454
la_esperanza,2025-03-10,4.4,35,31.501,24.142
rio_claro,2025-03-10,3.6,29.212,28.407,24.442
la_esperanza,2025-03-11,4,33.6,31.108,25.519
rio_claro,2025-03-11,3.7,24.688,27.22,31.45
la_esperanza,2025-03-12,4.2,34.312,31.579,25.944
rio_claro,2025-03-12,3.6,27.625,28.559,29.374
la_esperanza,2025-03-13,4.3,39.2,33.18,22.809
rio_claro,2025-03-13,3.8,36.688,31.618,21.076
la_esperanza,2025-03-14,4.2,21.05,27.124,41.451
rio_claro,2025-03-14,3.9,33.4,30.255,22.339
la_esperanza,2025-03-15,1.4,3.85,18.591,81.707
rio_claro,2025-03-15,2.8,7.162,20.345,69.839
la_esperanza,2025-03-16,2.3,10.913,22.96,60.95
rio_claro,2025-03-16,2,8.8,21.126,64.918
la_esperanza,2025-03-17,3.6,29.175,29.729,29.993
rio_claro,2025-03-17,3.3,21.725,26.087,35.745
la_esperanza,2025-03-18,3.8,34.925,31.374,23.763
rio_claro,2025-03-18,3.3,24.812,26.966,30.132
la_esperanza,2025-03-19,4,41.725,33.923,21.064
rio_claro,2025-03-19,3.3,31.175,29.429,23.935
la_esperanza,2025-03-20,3.2,10.85,22.864,60.761
rio_claro,2025-03-20,3.3,19.013,25.266,40.786
la_esperanza,2025-03-21,3.4,24.562,27.931,34.611
rio_claro,2025-03-21,3.2,21.462,26.003,36.005
la_esperanza,2025-03-22,3.6,29.9,30.471,31.22
rio_claro,2025-03-22,3.1,18.538,26.059,44.884
la_esperanza,2025-03-23,3.7,30.45,30.452,29.916
rio_claro,2025-03-23,3.1,24.237,27.106,32.377
la_esperanza,2025-03-24,3.8,22,24.874,29.827
rio_claro,2025-03-24,3,17.325,23.074,38.349
la_esperanza,2025-03-25,3,22.987,25.406,28.888
rio_claro,2025-03-25,3.1,21.925,24.049,26.624
la_esperanza,2025-03-26,2.4,15.562,22.858,44.013
rio_claro,2025-03-26,1.8,7.137,16.946,62.784
la_esperanza,2025-03-27,3,20.388,25.005,35.603
rio_claro,2025-03-27,3,22.05,24.419,27.861
la_esperanza,2025-03-28,3.2,18.15,23.593,37.359
rio_claro,2025-03-28,2.6,16.163,22.392,40.118
la_esperanza,2025-03-29,2.1,14.988,23.236,47.105
rio_claro,2025-03-29,2.2,12.25,20.562,49.246
la_esperanza,2025-03-30,3.3,18.325,23.99,38.353
rio_claro,2025-03-30,2.8,18.15,24.536,41.119
la_esperanza,2025-03-31,2.5,12.488,20.224,47.041
rio_claro,2025-03-31,1.8,7.7,17.108,60.246
la_esperanza,2025-04-01,3.3,20.775,23.366,27.458
rio_claro,2025-04-01,2.5,12.337,19.202,44.349
la_esperanza,2025-04-02,2.6,18.175,23.675,37.67
rio_claro,2025-04-02,2.3,15.75,20.624,35.071
la_esperanza,2025-04-03,2.6,25.575,26.176,24.497
rio_claro,2025-04-03,2.1,18.425,22.188,31.017
la_esperanza,2025-04-04,NA,29.275,28.304,23.621
rio_claro,2025-04-04,NA,19.812,23.599,31.775
la_esperanza,2025-04-05,NA,22,26,37
rio_claro,2025-04-05,NA,27.775,27.535,24.315
la_esperanza,2025-04-06,NA,2.725,16.131,84.835
rio_claro,2025-04-06,NA,0.9,13.886,94.052
